"term","estimate","se_model","lower_model","upper_model","p_model","se_CR2","lower_CR2","upper_CR2","p_CR2","df_CR2"
"age_r",0.324561299930078,0.0615434676403955,0.203938319871197,0.44518427998896,1.33706148199434e-07,0.336309446416491,-0.344111227959747,0.993233827819904,0.337248535984244,85.0066169671798
"age_r_sq",-0.019961851690781,0.00831354435808157,-0.036256099216497,-0.00366760416506499,0.0163447924583491,0.0433253514712963,-0.106194433624671,0.0662707302431087,0.64624475810471,79.258499386626
"gap_years",-0.129518447673355,0.138839936145256,-0.401639722133898,0.142602826787189,0.35089142110055,0.0855879892950231,-0.302266893080292,0.0432299977335825,0.137734585577249,41.7967260778653
"has_overlap_f",-2.76378086214073,3.15263620944337,-8.94283428900661,3.41527256472516,0.380672924208343,2.38642960721822,-7.73970235405515,2.21214062977369,0.260368868581574,20.1314816049695
"SNIP_centered",-2.2702610397409,1.21203272439549,-4.64580152764002,0.105279448158218,0.0610542876206139,1.20579326578305,-4.70251947837766,0.161997398895856,0.0665575815277219,42.6696441418076
"snip_missing_f",2.81688059005078,4.51709341056867,-6.036459809467,11.6702209895686,0.532887236468462,3.34801166090839,-3.89416558876762,9.52792676886918,0.40382565254882,54.4652989502175
"same_journal_f",3.00214274052393,3.4038603498965,-3.66930095367711,9.67358643472498,0.377786671337126,2.58155057267111,-2.17138195691454,8.17566743796241,0.249881156321626,55.0086380807516
"same_journal_missing",1.7983808934446,7.97431878792375,-13.8309967321271,17.4277585190163,0.821573547030864,5.24110052028249,-9.45857645807056,13.0553382449598,0.736674290472447,13.7921368506355
"multi_original_f",4.22274822859049,8.97371075159203,-13.3654016522097,21.8108981093907,0.63794869804989,5.56416493778269,-9.36765846705361,17.8131549242346,0.476440283282576,6.04515552635752
"publisher_group_article_oa",-0.300325873952842,2.72806177515837,-5.64722870086366,5.04657695295797,0.91233987294054,2.43773598249805,-5.10478334346522,4.50413159555953,0.902062890954406,218.734319012341
"publisher_group_preprint",3.57110526592552,8.22614676314964,-12.5518461213885,19.6940566532395,0.664203912679903,6.26912557698222,-9.70387317345806,16.8460837053091,0.576728615351169,16.225173981346
"publisher_group_online_deposit",3.05662114077998,8.80285494947351,-14.1966575213183,20.3098998028782,0.728418038174446,6.84240691754293,-11.245558448445,17.358800730005,0.66003030310647,19.3832787510004
"publisher_group_other_publisher_output",-1.45479081316238,9.72582538742095,-20.5170582924328,17.607476666108,0.881095838105611,5.03668816093192,-12.0305617130477,9.12098008672298,0.775979311136477,18.1416278697829
"subj_cognitive_psychology",-10.258411956187,3.1696791496008,-16.4708689319521,-4.04595498042186,0.00121039287373466,2.91277534607203,-16.0677001626647,-4.44912374970922,0.000758666080667993,70.0404895383152
"subj_developmental_psychology",-9.74476551142747,6.05960918710952,-21.6213812785502,2.13185025569521,0.107802150194188,3.43848932623427,-16.9931794554928,-2.49635156736215,0.0113628703706734,17.191923889686
"subj_social_psychology",-7.45706979583137,3.24459139011021,-13.8163520649961,-1.09778752666661,0.0215442751471752,2.84242215961532,-13.142523421716,-1.77161616994672,0.0110145517698464,60.1219680343624
"subj_psychology_other",-8.87013649241979,6.80805951444023,-22.2136879453279,4.47341496048831,0.192613129336506,5.12757853025481,-19.8097909199236,2.06951793508406,0.104390835628606,14.8368061353557
"subj_biological_neuropsychology",-8.6344963471893,5.70613038977974,-19.8183064022471,2.54931370786848,0.130229761350654,4.27213798902567,-17.4128851324316,0.143892438053006,0.0535987762248996,26.1910531895631
"subj_clinical_psychology",-7.37891068615541,8.54704400981156,-24.1308091196649,9.37298774735405,0.38795662141234,7.01952317938147,-23.2572931284892,8.49947175617839,0.320562826603964,9.00328149380997
"subj_differential_personality_diagnostics",3.63846145037764,5.95756435909948,-8.03815012903678,15.3150730297921,0.541378545289795,8.95371603259974,-17.0756960283039,24.3526189290592,0.695322199899202,7.85431697113148
"subj_human_medicine",-11.0777574683052,4.81794466753238,-20.5207554961755,-1.63475944043496,0.0214895906682686,5.77473338728279,-22.7698530186518,0.614338082041337,0.0626423573616052,37.8267104065799
"subj_sociology_social_sciences",-1.82985762655528,8.41295211407623,-18.3189407738048,14.6592255206942,0.827814951897865,7.3326978015491,-17.4987718900729,13.8390566369624,0.806419549515471,14.5765398923575
"subj_health_sciences_general",-3.73789594265437,8.89820816691874,-21.1780634767553,13.7022715914465,0.674432212909893,5.54941657911813,-15.7507442123931,8.27495232708434,0.512614518058795,12.7487454883678
"subj_biology",-25.0335715504261,4.49950534277762,-33.8524399705158,-16.2147031303364,2.64223686418192e-08,5.75600459303598,-36.5738105154897,-13.4933325853626,6.1053536067415e-05,53.9704775237506
"subj_education",-9.53945084633908,6.89500562436369,-23.053413543293,3.97451185061487,0.166502250102197,3.73620512569876,-17.3863322941687,-1.69256939850948,0.019916364166686,18.0834047242263
"subj_political_science",-9.73643459993343,5.52011187602709,-20.5556550675784,1.0827858677115,0.0777637880661739,4.47486577084538,-18.7357908939811,-0.737078305885733,0.034568403717717,47.5833661706443
"subj_general_comparative_literature_linguistics",-2.8557674619762,8.38483035430004,-19.2897329728825,13.5781980489301,0.733414225948717,3.5761854009078,-10.8046896978978,5.09315477394537,0.442777401229945,10.1824955116078
"subj_microeconomics",-2.73554156158018,4.20527229091634,-10.9777237969604,5.50664067380009,0.515367468876574,3.1512292774794,-9.0744071456738,3.60332402251345,0.389742173649135,47.1663135383027
"subj_marketing",-5.64597210038016,7.29670565749684,-19.9472523948636,8.65530819410329,0.439066803017311,4.1817478101013,-18.2223255979983,6.93038139723801,0.26121749741518,3.33855691970314
"subj_macroeconomics",4.84762146170952,4.82964569172085,-4.61831015215239,14.3135530755714,0.315512646969385,5.30653970059224,-5.9535686402055,15.6488115636245,0.367675806370918,32.6063348754453
"subj_behavioural_experimental_economics",-2.55841628048116,7.12067980422963,-16.514692242213,11.3978596812506,0.719375293609074,5.99904667787918,-15.3392283139209,10.2223957529585,0.675790748127466,15.0792874291222
"subj_finance",38.7898952818565,8.30929581107879,22.5039747552525,55.0758158084604,3.03771656111084e-06,41.8967584143858,-57.327161621602,134.906952185315,0.380828369494539,8.24479541524897
"subj_business_administration",1.16616792830631,9.47298824493476,-17.4005478577371,19.7328837143497,0.902024310545217,4.35011846022473,-8.89803797341442,11.230373830027,0.79554680846747,7.85284456978851
"subj_economics_business",-11.3004074076035,13.0349883046328,-36.8485150235845,14.2477002083776,0.385980995571407,10.320211025691,-37.8711835281936,15.2703687129866,0.32369243466455,4.97395946247318
"subj_psychology",-1.90441520780474,6.93763495034764,-15.5019298483724,11.693099432763,0.783696592076686,4.65485574853854,-11.3550936307136,7.54626321510414,0.684947250094474,34.9153697719207
"subj_other",-0.464778285824039,5.97186404236846,-12.169416729436,11.2398601577879,0.937964866406209,5.39211927973757,-11.4200208919698,10.4904643203217,0.931812779012679,34.2428807127529
