"doi_o","doi_r","type_r","is_oa","publication_access_group","unpaywall_coverage","n_originals_for_replication","multi_original_f"
"10.1002/(sici)1097-0266(199704)18:4<303::aid-smj869>3.0.co;2-g","10.1002/smj.2579","article",FALSE,"article_closed","status_available",1,0
"10.1002/acp.1692","10.1177/0305735617704300","article",TRUE,"article_oa","status_available",1,0
"10.1002/acp.2878","10.1002/acp.3439","article",TRUE,"article_oa","status_available",1,0
"10.1002/acp.3471","10.23668/psycharchives.4765","article",NA,"online_deposit","status_not_retrieved",1,0
"10.1002/ajhb.20823","10.1002/ajhb.22875","article",FALSE,"article_closed","status_available",1,0
"10.1002/ana.21590","10.1038/s41598-017-07404-4","article",TRUE,"article_oa","status_available",4,1
"10.1002/ana.23838","10.1038/s41598-017-07404-4","article",TRUE,"article_oa","status_available",4,1
"10.1002/dev.20062","10.7287/peerj.preprints.3352v1","preprint",TRUE,"preprint","status_available",2,0
"10.1002/ejsp.127","10.1037/a0031751","article",TRUE,"article_oa","status_available",1,0
"10.1002/hbm.20939","10.1080/17470218.2016.1233439","article",TRUE,"article_oa","status_available",1,0
"10.1002/hec.1160","10.1002/hec.1787","article",FALSE,"article_closed","status_available",1,0
"10.1002/hec.922","10.1002/hec.1415","article",FALSE,"article_closed","status_available",1,0
"10.1002/hrdq.20065","10.1002/hrdq.21464","article",FALSE,"article_closed","status_available",1,0
"10.1002/humu.22471","10.1016/j.ymgmr.2019.100470","article",TRUE,"article_oa","status_available",1,0
"10.1002/ijc.28537","10.1111/ajco.12508","article",TRUE,"article_oa","status_available",1,0
"10.1002/jae.1080","10.1002/jae.2544","article",FALSE,"article_closed","status_available",1,0
"10.1002/jae.1093","10.1002/jae.2269","article",TRUE,"article_oa","status_available",1,0
"10.1002/jae.2312","10.1002/jae.2651","article",FALSE,"article_closed","status_available",1,0
"10.1002/jae.2503","10.1002/jae.2695","article",FALSE,"article_closed","status_available",1,0
"10.1002/jae.615","10.1002/jae.2760","article",FALSE,"article_closed","status_available",1,0
"10.1002/mde.1230","10.1108/pijpsm-08-2016-0135","article",FALSE,"article_closed","status_available",1,0
"10.1002/smj.2274","10.1002/smj.2905","article",FALSE,"article_closed","status_available",1,0
"10.1006/jesp.2001.1488","10.3389/fpsyg.2017.00239","article",TRUE,"article_oa","status_available",1,0
"10.1006/jevp.2000.0176","10.1016/j.foar.2019.04.001","article",TRUE,"article_oa","status_available",1,0
"10.1006/jmla.1996.0032",NA,NA,NA,"doi_unavailable","doi_unavailable",NA,0
"10.1007/978-3-642-20677-1_13","10.1145/2593868.2593874","conference-paper",FALSE,"other_unclassified","status_available",1,0
"10.1007/s00127-008-0314-4","10.1177/0020764012447884","article",TRUE,"article_oa","status_available",1,0
"10.1007/s001270050022","10.1371/journal.pone.0129263","article",TRUE,"article_oa","status_available",1,0
"10.1007/s00213-010-1872-1","10.1093/alcalc/agaa009","article",FALSE,"article_closed","status_available",1,0
"10.1007/s10584-010-9957-8","10.5964/jspp.v8i1.1072","article",TRUE,"article_oa","status_available",1,0
"10.1007/s10649-007-9083-3","10.1016/j.learninstruc.2018.10.002","article",FALSE,"article_closed","status_available",1,0
"10.1007/s10683-011-9283-7","10.1007/s10683-013-9375-7","article",FALSE,"article_closed","status_available",1,0
"10.1007/s10683-011-9295-3","10.17605/osf.io/2vust","preprint",NA,"preprint","status_not_retrieved",1,0
"10.1007/s10683-012-9342-8","10.17605/osf.io/4axu6","preprint",NA,"preprint","status_not_retrieved",1,0
"10.1007/s10896-009-9261-4","10.15763/issn.1936-9298.2025.2.4.35-48","article",TRUE,"article_oa","status_available",1,0
"10.1007/s11002-014-9295-0","10.1525/collabra.310","article",TRUE,"article_oa","status_available",1,0
"10.1007/s11165-012-9320-3","10.4995/muse.2019.10390","article",TRUE,"article_oa","status_available",1,0
"10.1007/s11199-007-9195-3",NA,NA,NA,"doi_unavailable","doi_unavailable",NA,0
"10.1007/s11682-017-9762-3","10.31234/osf.io/tc58u","preprint",TRUE,"preprint","status_available",1,0
"10.1007/s13164-013-0162-3","10.1007/s13164-018-0400-9","article",TRUE,"article_oa","status_available",5,1
"10.1016/0006-3223(93)90094-t","10.1176/ajp.155.11.1600","article",FALSE,"article_closed","status_available",1,0
"10.1016/0010-0285(81)90010-4","10.1111/ijsa.12344","article",FALSE,"article_closed","status_available",1,0
"10.1016/0042-6989(86)90090-8","10.1167/13.6.11","article",TRUE,"article_oa","status_available",1,0
"10.1016/0304-422x(91)90003-8","10.1075/ssol.5.2.06sal","article",FALSE,"article_closed","status_available",1,0
"10.1016/j.addbeh.2012.12.022","10.1080/10826084.2016.1267222","article",FALSE,"article_closed","status_available",2,0
"10.1016/j.ajhg.2008.03.016","10.1177/14644207231201478","article",FALSE,"article_closed","status_available",1,0
"10.1016/j.ajhg.2009.12.009","10.1038/jhg.2013.28","article",TRUE,"article_oa","status_available",1,0
"10.1016/j.aos.2016.02.003","10.2308/bria-2020-021","article",TRUE,"article_oa","status_available",1,0
"10.1016/j.appet.2011.12.023","10.1016/j.appet.2021.105619","article",TRUE,"article_oa","status_available",1,0
"10.1016/j.bandl.2009.05.002","10.7287/peerj.preprints.3352","preprint",TRUE,"preprint","status_available",1,0
"10.1016/j.beproc.2008.04.003","10.3389/fpsyg.2013.00698","article",TRUE,"article_oa","status_available",1,0
"10.1016/j.biopsych.2004.11.026","10.31234/osf.io/vzt6d","preprint",TRUE,"preprint","status_available",1,0
"10.1016/j.biopsycho.2010.05.010","10.1371/journal.pone.0137000","article",TRUE,"article_oa","status_available",1,0
"10.1016/j.biopsycho.2016.05.001","10.1111/psyp.13546","article",TRUE,"article_oa","status_available",1,0
"10.1016/j.brat.2003.07.001","10.17605/osf.io/ptqwm",NA,NA,"online_deposit","status_not_retrieved",1,0
"10.1016/j.brs.2012.03.006","10.1155/2017/1254615","article",TRUE,"article_oa","status_available",1,0
"10.1016/j.brs.2017.05.005","10.1101/2020.10.26.354886","preprint",TRUE,"preprint","status_available",1,0
"10.1016/j.cedpsych.2009.06.005","10.31234/osf.io/ahjr5","preprint",TRUE,"preprint","status_available",1,0
"10.1016/j.cell.2011.09.029","10.7554/elife.56651","article",TRUE,"article_oa","status_available",1,0
"10.1016/j.chb.2015.04.024","10.1108/ijis-11-2017-0119","article",FALSE,"article_closed","status_available",1,0
"10.1016/j.cogbrainres.2005.02.020","10.3389/fpsyg.2014.01511","article",TRUE,"article_oa","status_available",1,0
"10.1016/j.cognition.2004.01.007","10.17605/osf.io/e5wka",NA,NA,"online_deposit","status_not_retrieved",1,0
"10.1016/j.cognition.2006.02.009","10.1371/journal.pone.0051382","article",TRUE,"article_oa","status_available",1,0
"10.1016/j.cognition.2007.11.004","10.1007/s13164-018-0400-9","article",TRUE,"article_oa","status_available",5,1
"10.1016/j.cognition.2008.04.002","10.31234/osf.io/ekw9c","preprint",TRUE,"preprint","status_available",1,0
"10.1016/j.cognition.2008.08.008","10.31234/osf.io/kfgr8","preprint",TRUE,"preprint","status_available",1,0
"10.1016/j.cognition.2009.10.008","10.1080/00222895.2012.746635","article",FALSE,"article_closed","status_available",1,0
"10.1016/j.cognition.2012.04.008","10.3389/fpsyg.2016.01930","article",TRUE,"article_oa","status_available",1,0
"10.1016/j.cognition.2013.01.009","10.1098/rsos.200664","article",TRUE,"article_oa","status_available",1,0
"10.1016/j.cognition.2014.09.006","10.1177/01461672211052120","article",FALSE,"article_closed","status_available",1,0
"10.1016/j.cognition.2016.03.003","10.17605/osf.io/8btme","preprint",NA,"preprint","status_not_retrieved",1,0
"10.1016/j.cognition.2017.12.004","10.17605/osf.io/yh25j","preprint",NA,"preprint","status_not_retrieved",1,0
"10.1016/j.cogpsych.2016.10.001","10.46469/mq.2020.60.4.5","article",FALSE,"article_closed","status_available",1,0
"10.1016/j.cogpsych.2017.07.001","10.31234/osf.io/c9baj","preprint",TRUE,"preprint","status_available",1,0
"10.1016/j.concog.2008.11.006","10.1007/s13164-018-0400-9","article",TRUE,"article_oa","status_available",5,1
"10.1016/j.concog.2012.01.016","10.31234/osf.io/8zarq","preprint",TRUE,"preprint","status_available",1,0
"10.1016/j.concog.2013.04.014","10.1525/collabra.321","article",TRUE,"article_oa","status_available",1,0
"10.1016/j.cub.2004.01.029","10.1016/j.cortex.2019.03.026","article",TRUE,"article_oa","status_available",1,0
"10.1016/j.earlhumdev.2003.12.002","10.1017/s2040174420001294","article",TRUE,"article_oa","status_available",1,0
"10.1016/j.ecosys.2015.04.004","10.1111/joes.12352","article",FALSE,"article_closed","status_available",1,0
"10.1016/j.ejpoleco.2003.10.001","10.1177/1091142114568659","review",FALSE,"article_closed","status_available",1,0
"10.1016/j.evolhumbehav.2005.01.002",NA,NA,NA,"doi_unavailable","doi_unavailable",NA,0
"10.1016/j.evolhumbehav.2010.04.004","10.31542/r.gm:2129","dissertation",TRUE,"online_deposit","status_available",1,0
"10.1016/j.evolhumbehav.2013.05.001","10.31234/osf.io/8wa6v","preprint",TRUE,"preprint","status_available",1,0
"10.1016/j.evolhumbehav.2016.06.001","10.17605/osf.io/anfk6","preprint",NA,"preprint","status_not_retrieved",1,0
"10.1016/j.heares.2011.06.001","10.31234/osf.io/f7gk6","preprint",TRUE,"preprint","status_available",1,0
"10.1016/j.homp.2005.10.002","10.51910/ijhdr.v11i40.588","article",TRUE,"article_oa","status_available",1,0
"10.1016/j.humov.2016.08.009","10.31236/osf.io/u897b_v1","preprint",TRUE,"preprint","status_available",1,0
"10.1016/j.ijforecast.2011.02.006","10.25431/11380_1167023","preprint",NA,"preprint","status_not_retrieved",1,0
"10.1016/j.im.2013.08.006",NA,NA,NA,"doi_unavailable","doi_unavailable",NA,0
"10.1016/j.intell.2008.03.008","10.1027/1015-5759/a000263","article",FALSE,"article_closed","status_available",1,0
"10.1016/j.jbusvent.2007.11.001","10.5465/ambpp.2018.15544abstract","conference-abstract",FALSE,"other_unclassified","status_available",2,0
"10.1016/j.jbusvent.2015.04.006","10.5465/ambpp.2018.15544abstract","conference-abstract",FALSE,"other_unclassified","status_available",2,0
"10.1016/j.jcps.2013.12.005","10.31234/osf.io/m295n","preprint",TRUE,"preprint","status_available",1,0
"10.1016/j.jenvp.2005.07.001","10.1177/0018720820909287","article",FALSE,"article_closed","status_available",1,0
"10.1016/j.jenvp.2008.11.001","10.1177/00332941211012621","article",FALSE,"article_closed","status_available",1,0
"10.1016/j.jesp.2004.07.001","10.1016/j.jesp.2013.05.011","article",FALSE,"article_closed","status_available",1,0
"10.1016/j.jesp.2005.05.001","10.1016/j.jesp.2020.104066","article",TRUE,"article_oa","status_available",2,0
"10.1016/j.jesp.2006.06.008","10.17605/osf.io/qyh9a",NA,NA,"online_deposit","status_not_retrieved",1,0
"10.1016/j.jesp.2008.08.018","10.5178/lebs.2019.67","article",TRUE,"article_oa","status_available",1,0
"10.1016/j.jesp.2009.05.003","10.17605/osf.io/xszk6",NA,NA,"online_deposit","status_not_retrieved",1,0
"10.1016/j.jesp.2009.06.003","10.31234/osf.io/4ertj","preprint",TRUE,"preprint","status_available",1,0
"10.1016/j.jesp.2012.02.008","10.31234/osf.io/cj6kv","preprint",TRUE,"preprint","status_available",2,0
"10.1016/j.jesp.2012.03.003","10.31234/osf.io/cj6kv","preprint",TRUE,"preprint","status_available",2,0
"10.1016/j.jesp.2013.05.013","10.1037/pspp0000070","article",FALSE,"article_closed","status_available",1,0
"10.1016/j.jfineco.2005.09.009","10.1016/j.jfineco.2013.08.003","article",FALSE,"article_closed","status_available",1,0
"10.1016/j.jfineco.2010.06.005","10.1093/rof/rfz021","article",TRUE,"article_oa","status_available",1,0
"10.1016/j.jml.2012.02.005","10.1016/j.jml.2018.07.004","article",TRUE,"article_oa","status_available",1,0
"10.1016/j.jml.2013.08.001","10.1080/23273798.2016.1242761","article",TRUE,"article_oa","status_available",1,0
"10.1016/j.jml.2015.10.007","10.1111/psyp.13312","article",FALSE,"article_closed","status_available",1,0
"10.1016/j.jns.2014.08.011","10.3389/fneur.2019.00884","article",TRUE,"article_oa","status_available",1,0
"10.1016/j.joca.2011.10.004","10.1155/2014/979520","article",TRUE,"article_oa","status_available",1,0
"10.1016/j.jpeds.2017.10.028","10.1007/s11126-020-09742-5","article",FALSE,"article_closed","status_available",1,0
"10.1016/j.jpubeco.2010.06.002","10.1080/00220388.2018.1506576","article",TRUE,"article_oa","status_available",1,0
"10.1016/j.jsams.2013.02.006","10.1016/j.mgene.2016.03.007","article",TRUE,"article_oa","status_available",2,0
"10.1016/j.jslw.2012.05.011","10.1017/s0261444815000087","article",FALSE,"article_closed","status_available",1,0
"10.1016/j.jss.2016.07.016","10.18466/cbayarfbe.489291","article",TRUE,"article_oa","status_available",1,0
"10.1016/j.labeco.2004.02.009","10.1080/13504851.2019.1644429","article",FALSE,"article_closed","status_available",1,0
"10.1016/j.labeco.2016.04.004","10.1016/j.econedurev.2020.102009","article",FALSE,"article_closed","status_available",1,0
"10.1016/j.media.2013.06.003","10.1038/s41598-020-63924-6","article",TRUE,"article_oa","status_available",1,0
"10.1016/j.neulet.2009.06.030","10.1037/a0027210","article",FALSE,"article_closed","status_available",1,0
"10.1016/j.neuroimage.2014.08.018","10.1101/218420","preprint",TRUE,"preprint","status_available",1,0
"10.1016/j.nlm.2016.01.008","10.1038/s41598-019-56033-6","article",TRUE,"article_oa","status_available",1,0
"10.1016/j.obhdp.2004.12.002","10.1016/j.jesp.2020.104066","article",TRUE,"article_oa","status_available",2,0
"10.1016/j.obhdp.2014.07.004","10.1177/1948550620944083","article",FALSE,"article_closed","status_available",1,0
"10.1016/j.paid.2009.11.029","10.3389/fnhum.2014.00154","article",TRUE,"article_oa","status_available",1,0
"10.1016/j.paid.2013.04.031","10.1016/j.evolhumbehav.2018.02.008","article",TRUE,"article_oa","status_available",3,0
"10.1016/j.poetic.2015.07.001","10.24839/2325-7342.jn26.4.422","article",TRUE,"article_oa","status_available",1,0
"10.1016/j.pscychresns.2010.11.008","10.3389/fpsyt.2020.00777","article",TRUE,"article_oa","status_available",1,0
"10.1016/j.socscimed.2004.06.039","10.1016/j.schres.2017.05.013","article",TRUE,"article_oa","status_available",1,0
"10.1016/j.ssresearch.2014.08.001","10.17645/si.v6i2.1395","article",TRUE,"article_oa","status_available",1,0
"10.1016/j.system.2008.08.002","10.1080/01434632.2020.1730861","article",FALSE,"article_closed","status_available",1,0
"10.1016/s0006-3223(02)01333-1","10.3109/10253890.2011.631154","article",TRUE,"article_oa","status_available",1,0
"10.1016/s0010-0277(02)00235-4","10.1016/j.actpsy.2019.102871","article",FALSE,"article_closed","status_available",1,0
"10.1016/s0010-0277(98)00075-4","10.31234/osf.io/qmptz","preprint",TRUE,"preprint","status_available",1,0
"10.1016/s0022-1031(03)00057-x","10.17605/osf.io/dhfns","preprint",NA,"preprint","status_not_retrieved",1,0
"10.1016/s0065-2601(08)60076-3","10.31234/osf.io/fbwpd","preprint",TRUE,"preprint","status_available",1,0
"10.1016/s0092-8674(03)00934-6","10.7554/elife.40854.028","peer-review",TRUE,"other_unclassified","status_available",1,0
"10.1016/s0304-3932(99)00026-4","10.1007/s00181-019-01778-2","article",FALSE,"article_closed","status_available",1,0
"10.1016/s0305-750x(00)00018-8","10.1016/j.worlddev.2011.05.001","article",TRUE,"article_oa","status_available",1,0
"10.1016/s0896-6273(00)80855-7","10.1101/110791","preprint",TRUE,"preprint","status_available",1,0
"10.1016/s0960-9822(01)00023-9","10.17632/4676n2pdrf.3","article",NA,"online_deposit","status_not_retrieved",1,0
"10.1016/s1470-2045(09)70003-8","10.1182/blood.v128.22.4338.4338","article",FALSE,"article_closed","status_available",1,0
"10.1017/s0003055406062083","10.1086/694653","article",FALSE,"article_closed","status_available",1,0
"10.1017/s0007123413000422","10.17605/osf.io/5vntp","preprint",NA,"preprint","status_not_retrieved",1,0
"10.1017/s0033291712002760","10.31234/osf.io/4wbgc","preprint",TRUE,"preprint","status_available",1,0
"10.1017/s0272263112000149","10.1075/bpa.3.13goo","book-chapter",FALSE,"other_unclassified","status_available",1,0
"10.1017/xps.2014.22","10.17605/osf.io/5vx27","preprint",NA,"preprint","status_not_retrieved",1,0
"10.1023/a:1015044207315","10.17605/osf.io/8wd2b",NA,NA,"online_deposit","status_not_retrieved",1,0
"10.1027/1864-9335/a000147","10.1016/j.jesp.2015.10.012","article",TRUE,"article_oa","status_available",2,0
"10.1027/1864-9335/a000216","10.31234/osf.io/ftme7","preprint",TRUE,"preprint","status_available",1,0
"10.1037/0012-1649.37.1.86","10.1037/a0035736","review",FALSE,"article_closed","status_available",1,0
"10.1037/0021-843x.95.3.274","10.1002/1098-108x(198811)7:6<813::aid-eat2260070612>3.0.co;2-4","article",FALSE,"article_closed","status_available",1,0
"10.1037/0021-9010.72.3.344","10.1037/a0024739","article",FALSE,"article_closed","status_available",1,0
"10.1037/0021-9010.77.4.419","10.1037/xap0000321","article",FALSE,"article_closed","status_available",1,0
"10.1037/0021-9010.83.3.462","10.1111/emre.12425","article",TRUE,"article_oa","status_available",1,0
"10.1037/0022-006x.74.4.658","10.1007/s41811-019-00044-8","book-chapter",TRUE,"article_oa","status_available",1,0
"10.1037/0022-006x.74.6.1041","10.1037/pst0000036","article",FALSE,"article_closed","status_available",1,0
"10.1037/0022-0663.90.2.312","10.1024/1010-0652/a000047","article",TRUE,"article_oa","status_available",1,0
"10.1037/0022-0663.91.2.358","10.1024/1010-0652/a000049","article",FALSE,"article_closed","status_available",1,0
"10.1037/0022-0663.93.2.390","10.1111/jcal.12485","article",TRUE,"article_oa","status_available",1,0
"10.1037/0022-3514.37.10.1660","10.1177/2515245918777487","article",TRUE,"article_oa","status_available",1,0
"10.1037/0022-3514.41.4.703","10.1080/15534510.2019.1669488","article",TRUE,"article_oa","status_available",1,0
"10.1037/0022-3514.46.4.778","10.1017/xps.2017.8","article",FALSE,"article_closed","status_available",1,0
"10.1037/0022-3514.66.1.37","10.71889/5fylantbak.29865677",NA,NA,"other_unclassified","status_not_retrieved",1,0
"10.1037/0022-3514.67.4.627","10.31234/osf.io/dkg53","preprint",TRUE,"preprint","status_available",1,0
"10.1037/0022-3514.71.2.230",NA,NA,NA,"doi_unavailable","doi_unavailable",NA,0
"10.1037/0022-3514.75.1.5","10.31234/osf.io/hty6s","preprint",TRUE,"preprint","status_available",1,0
"10.1037/0022-3514.78.6.1038","10.1037/xge0000644","article",TRUE,"article_oa","status_available",1,0
"10.1037/0022-3514.80.4.557","10.17605/osf.io/smrha",NA,NA,"online_deposit","status_not_retrieved",1,0
"10.1037/0022-3514.81.6.1014","10.1371/journal.pone.0072467","article",TRUE,"article_oa","status_available",1,0
"10.1037/0022-3514.82.2.180","10.21193/kjspp.2013.27.3.004","article",TRUE,"article_oa","status_available",1,0
"10.1037/0022-3514.82.6.956","10.1177/1745691616664694","article",TRUE,"article_oa","status_available",1,0
"10.1037/0022-3514.91.6.995","10.1080/02699931.2018.1429389","article",FALSE,"article_closed","status_available",1,0
"10.1037/0022-3514.92.6.1087","10.13016/m26k8d","dissertation",NA,"online_deposit","status_not_retrieved",2,0
"10.1037/0022-3514.94.1.1","10.1126/science.aac4716","article",TRUE,"article_oa","status_available",40,1
"10.1037/0022-3514.94.1.158","10.1126/science.aac4716","article",TRUE,"article_oa","status_available",40,1
"10.1037/0022-3514.94.1.91","10.1126/science.aac4716","article",TRUE,"article_oa","status_available",40,1
"10.1037/0022-3514.94.2.183","10.1126/science.aac4716","article",TRUE,"article_oa","status_available",40,1
"10.1037/0022-3514.94.2.94.2.196","10.1126/science.aac4716","article",TRUE,"article_oa","status_available",40,1
"10.1037/0022-3514.94.3.382","10.1126/science.aac4716","article",TRUE,"article_oa","status_available",40,1
"10.1037/0022-3514.94.3.396","10.1126/science.aac4716","article",TRUE,"article_oa","status_available",40,1
"10.1037/0022-3514.94.3.429","10.1126/science.aac4716","article",TRUE,"article_oa","status_available",40,1
"10.1037/0022-3514.94.3.495","10.1126/science.aac4716","article",TRUE,"article_oa","status_available",40,1
"10.1037/0022-3514.94.4.560","10.1126/science.aac4716","article",TRUE,"article_oa","status_available",40,1
"10.1037/0022-3514.94.4.615","10.17605/osf.io/etg7c",NA,NA,"online_deposit","status_not_retrieved",1,0
"10.1037/0022-3514.94.4.672","10.1126/science.aac4716","article",TRUE,"article_oa","status_available",40,1
"10.1037/0022-3514.94.4.696","10.1126/science.aac4716","article",TRUE,"article_oa","status_available",40,1
"10.1037/0022-3514.95.1.76","10.1126/science.aac4716","article",TRUE,"article_oa","status_available",40,1
"10.1037/0022-3514.95.2.420","10.1126/science.aac4716","article",TRUE,"article_oa","status_available",40,1
"10.1037/0096-3445.114.1.1","10.1037/xlm0000265","article",FALSE,"article_closed","status_available",1,0
"10.1037/0096-3445.122.3.331","10.5334/joc.35","article",TRUE,"article_oa","status_available",1,0
"10.1037/0096-3445.130.3.427","10.1098/rsos.191114","article",TRUE,"article_oa","status_available",1,0
"10.1037/0096-3445.135.4.641","10.31234/osf.io/gd6ej","preprint",TRUE,"preprint","status_available",1,0
"10.1037/0096-3445.136.4.569","10.1177/2515245918810225","article",TRUE,"article_oa","status_available",7,1
"10.1037/0278-7393.21.4.961","10.2478/v10053-008-0086-0","article",TRUE,"article_oa","status_available",1,0
"10.1037/0278-7393.34.1.146","10.1126/science.aac4716","article",TRUE,"article_oa","status_available",40,1
"10.1037/0278-7393.34.1.167","10.1126/science.aac4716","article",TRUE,"article_oa","status_available",40,1
"10.1037/0278-7393.34.1.219","10.1126/science.aac4716","article",TRUE,"article_oa","status_available",40,1
"10.1037/0278-7393.34.1.230","10.1126/science.aac4716","article",TRUE,"article_oa","status_available",40,1
"10.1037/0278-7393.34.1.237","10.1126/science.aac4716","article",TRUE,"article_oa","status_available",40,1
"10.1037/0278-7393.34.1.243","10.1126/science.aac4716","article",TRUE,"article_oa","status_available",40,1
"10.1037/0278-7393.34.1.249","10.1126/science.aac4716","article",TRUE,"article_oa","status_available",40,1
"10.1037/0278-7393.34.2.302","10.1126/science.aac4716","article",TRUE,"article_oa","status_available",40,1
"10.1037/0278-7393.34.2.353","10.1126/science.aac4716","article",TRUE,"article_oa","status_available",40,1
"10.1037/0278-7393.34.2.408","10.1126/science.aac4716","article",TRUE,"article_oa","status_available",40,1
"10.1037/0278-7393.34.3.439","10.1126/science.aac4716","article",TRUE,"article_oa","status_available",40,1
"10.1037/0278-7393.34.3.460","10.1126/science.aac4716","article",TRUE,"article_oa","status_available",40,1
"10.1037/0278-7393.34.3.478","10.1126/science.aac4716","article",TRUE,"article_oa","status_available",40,1
"10.1037/1931-3896.2.1.8","10.2190/em.29.2.d","article",FALSE,"article_closed","status_available",1,0
"10.1037/a0013595","10.1002/ejsp.2311","article",FALSE,"article_closed","status_available",1,0
"10.1037/a0015141","10.1037/pspp0000056","article",FALSE,"article_closed","status_available",1,0
"10.1037/a0015960","10.1177/2515245918810225","article",TRUE,"article_oa","status_available",7,1
"10.1037/a0018144","10.1037/xge0000124","article",TRUE,"article_oa","status_available",1,0
"10.1037/a0019432","10.17605/osf.io/g83kx","preprint",NA,"preprint","status_not_retrieved",1,0
"10.1037/a0019786","10.1002/cpp.2677","article",TRUE,"article_oa","status_available",1,0
"10.1037/a0020092","10.1016/j.jrp.2019.103902","article",TRUE,"article_oa","status_available",1,0
"10.1037/a0020757","10.17605/osf.io/xcy9f",NA,NA,"online_deposit","status_not_retrieved",1,0
"10.1037/a0022403","10.7717/peerj.3580","article",TRUE,"article_oa","status_available",1,0
"10.1037/a0024248","10.3758/s13414-017-1344-3","article",TRUE,"article_oa","status_available",1,0
"10.1037/a0025253","10.1016/j.jrp.2014.06.006","article",FALSE,"article_closed","status_available",1,0
"10.1037/a0026942","10.1080/10826084.2016.1267222","article",FALSE,"article_closed","status_available",2,0
"10.1037/a0027586","10.3389/fnhum.2016.00475","article",TRUE,"article_oa","status_available",1,0
"10.1037/a0032028","10.1080/20008198.2017.1315291","article",TRUE,"article_oa","status_available",1,0
"10.1037/a0034462","10.1177/2515245918810225","article",TRUE,"article_oa","status_available",7,1
"10.1037/a0035615","10.17605/osf.io/7p5tw","preprint",NA,"preprint","status_not_retrieved",1,0
"10.1037/a0036158","10.1037/cou0000322","article",TRUE,"article_oa","status_available",1,0
"10.1037/a0038647","10.1016/j.jrp.2019.06.009","article",FALSE,"article_closed","status_available",1,0
"10.1037/h0033373","10.1027/1864-9335/a000181","article",FALSE,"article_closed","status_available",1,0
"10.1037/h0087446","10.3758/s13421-018-0888-3","article",TRUE,"article_oa","status_available",1,0
"10.1037/h0099198","10.31234/osf.io/cdfxm","preprint",TRUE,"preprint","status_available",1,0
"10.1037/xlm0000207","10.1037/pag0000318","article",FALSE,"article_closed","status_available",1,0
"10.1038/2005","10.13188/2334-2846.1000009","article",TRUE,"article_oa","status_available",1,0
"10.1038/mp.2011.132","10.1192/bjp.bp.114.154997","article",TRUE,"article_oa","status_available",1,0
"10.1038/mp.2015.109","10.1038/s41398-021-01366-y","article",TRUE,"article_oa","status_available",1,0
"10.1038/mp.2015.32","10.1002/hup.2659","article",FALSE,"article_closed","status_available",1,0
"10.1038/nature01647","10.1111/j.1742-9536.2011.00001.x","article",TRUE,"article_oa","status_available",1,0
"10.1038/nature01930","10.1073/pnas.1601440113","article",FALSE,"article_closed","status_available",1,0
"10.1038/nature08833","10.1101/2021.11.30.470372","preprint",TRUE,"preprint","status_available",1,0
"10.1038/nature11071","10.7554/elife.21634","article",TRUE,"article_oa","status_available",1,0
"10.1038/nature13977","10.1038/s41586-019-1741-y","article",TRUE,"article_oa","status_available",1,0
"10.1038/nature14106","10.17605/osf.io/hy2pc",NA,NA,"online_deposit","status_not_retrieved",1,0
"10.1038/nclimate2093","10.1177/2515245918810225","article",TRUE,"article_oa","status_available",7,1
"10.1038/ng.1081","10.1038/s41598-017-07404-4","article",TRUE,"article_oa","status_available",4,1
"10.1038/ng.2397","10.1038/s41598-017-07404-4","article",TRUE,"article_oa","status_available",4,1
"10.1038/ng.732","10.1080/09513590.2021.1906854","article",FALSE,"article_closed","status_available",1,0
"10.1038/ng.81","10.1007/s00296-010-1789-3","article",FALSE,"article_closed","status_available",1,0
"10.1038/nm.2284","10.7554/elife.43511","article",TRUE,"article_oa","status_available",1,0
"10.1038/nm.4246","10.1016/j.nicl.2019.101796","article",TRUE,"article_oa","status_available",1,0
"10.1038/nn.3973","10.1016/j.cortex.2018.03.026","article",FALSE,"article_closed","status_available",1,0
"10.1038/srep30423","10.1098/rsos.181868","article",TRUE,"article_oa","status_available",1,0
"10.1038/srep38427","10.7554/elife.57614","article",TRUE,"article_oa","status_available",1,0
"10.1055/s-0030-1249773","10.1101/2020.06.23.167478","preprint",TRUE,"preprint","status_available",1,0
"10.1061/(asce)0733-9364(2008)134:10(776)","10.1061/9780784481264.018","conference-paper",FALSE,"other_unclassified","status_available",1,0
"10.1068/p7663","10.1167/18.10.139","article",TRUE,"article_oa","status_available",1,0
"10.1073/pnas.0505454102","10.1037/xge0000131","article",FALSE,"article_closed","status_available",1,0
"10.1073/pnas.0610941104","10.3389/fpubh.2020.579559","article",TRUE,"article_oa","status_available",1,0
"10.1073/pnas.0711555105","10.1111/j.1601-183x.2012.00849.x","article",FALSE,"article_closed","status_available",1,0
"10.1073/pnas.0803768105","10.1371/journal.pone.0080688","article",TRUE,"article_oa","status_available",1,0
"10.1073/pnas.0804388105","10.17605/osf.io/77gpt",NA,NA,"online_deposit","status_not_retrieved",1,0
"10.1073/pnas.0811879106","10.1002/alz.037925","article",FALSE,"article_closed","status_available",1,0
"10.1073/pnas.0812591106","10.1136/jmedgenet-2011-100586","article",TRUE,"article_oa","status_available",1,0
"10.1073/pnas.0903620106","10.3758/s13414-017-1408-4","review",TRUE,"article_oa","status_available",1,0
"10.1073/pnas.1103343108","10.1111/pops.12446","article",FALSE,"article_closed","status_available",1,0
"10.1073/pnas.1209746109","10.1073/pnas.1911695117","article",TRUE,"article_oa","status_available",1,0
"10.1073/pnas.1217854110","10.1038/s41562-020-0822-0","article",TRUE,"article_oa","status_available",1,0
"10.1073/pnas.1304437110","10.1080/19345747.2021.1931999","article",TRUE,"article_oa","status_available",1,0
"10.1073/pnas.1414784111","10.1016/j.evolhumbehav.2018.02.008","article",TRUE,"article_oa","status_available",3,0
"10.1073/pnas.1421435112","10.1111/ejn.14347","article",TRUE,"article_oa","status_available",1,0
"10.1073/pnas.1508631112","10.3758/s13423-019-01601-0","article",TRUE,"article_oa","status_available",1,0
"10.1073/pnas.1511536112","10.1073/pnas.2000311117","letter",TRUE,"article_oa","status_available",1,0
"10.1073/pnas.1520027113","10.31219/osf.io/pzy5q","preprint",FALSE,"preprint","status_available",1,0
"10.1080/00036840500462020","10.1080/00036846.2015.1013613","article",FALSE,"article_closed","status_available",1,0
"10.1080/00140139608964474","10.1080/00140139.2021.1909752","article",FALSE,"article_closed","status_available",1,0
"10.1080/00223890802634290","10.13016/m26k8d","dissertation",NA,"online_deposit","status_not_retrieved",2,0
"10.1080/00224545.2016.1270892","10.1073/pnas.2103313118","article",TRUE,"article_oa","status_available",7,1
"10.1080/00343409412331348386","10.1108/20452101311318648","article",FALSE,"article_closed","status_available",1,0
"10.1080/026990599121494","10.1080/09362835.2016.1238379","article",FALSE,"article_closed","status_available",1,0
"10.1080/02699930802652388","10.1080/02699931.2015.1136270","article",FALSE,"article_closed","status_available",1,0
"10.1080/02699931.2016.1260528","10.17605/osf.io/btf8h","preprint",NA,"preprint","status_not_retrieved",1,0
"10.1080/027249999393022","10.1037/xge0000200","article",TRUE,"article_oa","status_available",1,0
"10.1080/03634520216516","10.1080/10510974.2018.1466719","article",FALSE,"article_closed","status_available",1,0
"10.1080/09515080902802769","10.1007/s13164-018-0400-9","article",TRUE,"article_oa","status_available",5,1
"10.1080/09602011.2012.656460","10.1055/s-0036-1597262","article",TRUE,"article_oa","status_available",1,0
"10.1080/10447318.2011.595621","10.1145/2858036.2858349","conference-paper",TRUE,"other_unclassified","status_available",1,0
"10.1080/10478400701598298","10.33915/etd.5609","dissertation",TRUE,"online_deposit","status_available",1,0
"10.1080/17461391.2018.1431311","10.31234/osf.io/vkarq","preprint",TRUE,"preprint","status_available",1,0
"10.1080/17470218.2013.777084","10.1027/1618-3169/a000490","article",TRUE,"article_oa","status_available",1,0
"10.1086/250037","10.2139/ssrn.2231535","preprint",TRUE,"preprint","status_available",1,0
"10.1086/269239","10.1177/2515245918810225","article",TRUE,"article_oa","status_available",7,1
"10.1086/323281","10.1002/jae.2782","article",FALSE,"article_closed","status_available",1,0
"10.1086/374184","10.1561/104.00000076","article",FALSE,"article_closed","status_available",1,0
"10.1086/427464","10.1162/rest_a_00050","article",TRUE,"article_oa","status_available",1,0
"10.1086/497550","10.17605/osf.io/zya9n",NA,NA,"online_deposit","status_not_retrieved",1,0
"10.1086/511995","10.5018/economics-ejournal.ja.2017-13","article",TRUE,"article_oa","status_available",1,0
"10.1086/527495","10.1002/jae.2540","article",TRUE,"article_oa","status_available",1,0
"10.1086/598971","10.31234/osf.io/v643q","preprint",TRUE,"preprint","status_available",1,0
"10.1086/605565","10.1177/1091142115605380","article",FALSE,"article_closed","status_available",1,0
"10.1086/661890","10.31234/osf.io/fm7aj","preprint",TRUE,"preprint","status_available",1,0
"10.1086/662130","10.17605/osf.io/mjb97","preprint",NA,"preprint","status_not_retrieved",1,0
"10.1086/666746","10.17605/osf.io/jhe6q","preprint",NA,"preprint","status_not_retrieved",1,0
"10.1086/670272","10.17605/osf.io/xue5d","preprint",NA,"preprint","status_not_retrieved",1,0
"10.1086/673256","10.1561/107.00000066","article",TRUE,"article_oa","status_available",1,0
"10.1086/675910","10.17605/osf.io/ujmvw","preprint",NA,"preprint","status_not_retrieved",1,0
"10.1086/678484","10.31234/osf.io/yd4re","preprint",TRUE,"preprint","status_available",1,0
"10.1086/679118","10.17605/osf.io/ezw6p",NA,NA,"online_deposit","status_not_retrieved",1,0
"10.1086/684032","10.17605/osf.io/nekdp","preprint",NA,"preprint","status_not_retrieved",1,0
"10.1086/691703","10.17605/osf.io/tgkhv","preprint",NA,"preprint","status_not_retrieved",1,0
"10.1086/693869","10.17605/osf.io/8xyhb","preprint",NA,"preprint","status_not_retrieved",1,0
"10.1086/698750","10.17605/osf.io/eqyhz","preprint",NA,"preprint","status_not_retrieved",1,0
"10.1093/brain/awn266","10.7287/peerj.preprints.3352v1","preprint",TRUE,"preprint","status_available",2,0
"10.1093/cercor/bhn022","10.1080/17588928.2017.1372405","editorial",TRUE,"article_oa","status_available",1,0
"10.1093/hmg/ddq571","10.1186/1471-2474-15-38","article",TRUE,"article_oa","status_available",1,0
"10.1093/hmg/ddr268","10.4103/0366-6999.171421","article",TRUE,"article_oa","status_available",1,0
"10.1093/infdis/jit520","10.1016/j.pmedr.2017.02.001","article",TRUE,"article_oa","status_available",1,0
"10.1093/jcr/ucv051","10.1073/pnas.2103313118","article",TRUE,"article_oa","status_available",7,1
"10.1093/jcr/ucw056","10.1073/pnas.2103313118","article",TRUE,"article_oa","status_available",7,1
"10.1093/joc/jqx008","10.1093/hcr/hqab013","article",FALSE,"article_closed","status_available",1,0
"10.1093/jos/ffr009","10.48550/arxiv.1605.00178","preprint",NA,"preprint","status_not_retrieved",1,0
"10.1093/poq/nfm056","10.1093/poq/nfab031","article",FALSE,"article_closed","status_available",1,0
"10.1093/ptj/85.6.515","10.2522/ptj.20120444","article",TRUE,"article_oa","status_available",1,0
"10.1093/qje/qjr034","10.1126/science.aaf0918","article",TRUE,"article_oa","status_available",6,1
"10.1093/qje/qjt035","10.1126/science.aaf0918","article",TRUE,"article_oa","status_available",6,1
"10.1093/qje/qjv001","10.1002/jae.2853","article",TRUE,"article_oa","status_available",1,0
"10.1093/restud/rdv039","10.1093/restud/rdab037","article",TRUE,"article_oa","status_available",1,0
"10.1093/rheumatology/keq072","10.1136/bjsports-2014-094114.83","conference-abstract",TRUE,"other_unclassified","status_available",1,0
"10.1093/scan/nsu108","10.3389/fnbeh.2018.00080","article",TRUE,"article_oa","status_available",1,0
"10.1093/scan/nsw077","10.31234/osf.io/gn5dz","preprint",TRUE,"preprint","status_available",1,0
"10.1093/sf/sou103","10.17605/osf.io/5ywth","preprint",NA,"preprint","status_not_retrieved",1,0
"10.1097/00006842-200103000-00012","10.1016/j.ijpsycho.2015.12.004","article",FALSE,"article_closed","status_available",1,0
"10.1097/00007632-200211010-00009","10.1186/1748-7161-8-s2-o2","article",TRUE,"article_oa","status_available",1,0
"10.1097/01.naq.0000305943.46440.77","10.5172/conu.2013.43.2.237","article",FALSE,"article_closed","status_available",1,0
"10.1097/acm.0b013e31823b55fa","10.1007/s40037-020-00611-2","article",TRUE,"article_oa","status_available",1,0
"10.1097/brs.0b013e3181ed2de1","10.1097/brs.0b013e3182947d21","article",FALSE,"article_closed","status_available",1,0
"10.1097/brs.0b013e31828de9e1","10.1186/s12891-016-0863-8","article",TRUE,"article_oa","status_available",1,0
"10.1098/rsbl.2006.0509","10.1371/journal.pone.0255531","article",TRUE,"article_oa","status_available",1,0
"10.1098/rsta.2014.0464","10.1098/rsos.180475","article",TRUE,"article_oa","status_available",1,0
"10.1111/1467-9280.00162","10.31234/osf.io/u5dxn","preprint",TRUE,"preprint","status_available",1,0
"10.1111/1467-9280.00334","10.1177/2515245918810225","article",TRUE,"article_oa","status_available",7,1
"10.1111/1540-6237.8402002","10.1080/00330124.2012.681509","article",FALSE,"article_closed","status_available",1,0
"10.1111/ajps.12074","10.17605/osf.io/swkur","preprint",NA,"preprint","status_not_retrieved",1,0
"10.1111/ajps.12164","10.17605/osf.io/j6c8g","preprint",NA,"preprint","status_not_retrieved",1,0
"10.1111/ajps.12240","10.17605/osf.io/d4p59","preprint",NA,"preprint","status_not_retrieved",1,0
"10.1111/aphw.12027","10.1007/s12144-021-02065-z","review",TRUE,"article_oa","status_available",1,0
"10.1111/bjc.12069","10.32872/cpe.v2i4.2593","article",TRUE,"article_oa","status_available",1,0
"10.1111/cdev.12603","10.17605/osf.io/yfvzr","preprint",NA,"preprint","status_not_retrieved",1,0
"10.1111/j.1467-7687.2004.00351.x","10.1371/journal.pone.0255157","article",TRUE,"article_oa","status_available",1,0
"10.1111/j.1467-7687.2005.00441.x","10.1515/iral-2012-0001","article",FALSE,"article_closed","status_available",1,0
"10.1111/j.1467-7687.2009.00946.x","10.1098/rsos.191998","article",TRUE,"article_oa","status_available",1,0
"10.1111/j.1467-7687.2011.01124.x","10.1111/desc.13100","article",TRUE,"article_oa","status_available",1,0
"10.1111/j.1467-7687.2011.01127.x","10.1016/j.infbeh.2019.101340","article",TRUE,"article_oa","status_available",1,0
"10.1111/j.1467-8624.1993.tb04206.x","10.1111/desc.12697","article",FALSE,"article_closed","status_available",1,0
"10.1111/j.1467-8624.1996.tb01852.x","10.1037/dev0001119","article",TRUE,"article_oa","status_available",2,0
"10.1111/j.1467-8624.2007.00995.x","10.1016/j.intell.2020.101471","article",TRUE,"article_oa","status_available",1,0
"10.1111/j.1467-9221.2011.00840.x","10.1080/00207594.2012.693182","article",FALSE,"article_closed","status_available",1,0
"10.1111/j.1467-9280.2005.01661.x","10.36850/e1","article",TRUE,"article_oa","status_available",2,0
"10.1111/j.1467-9280.2006.01698.x","10.36850/e1","article",TRUE,"article_oa","status_available",2,0
"10.1111/j.1467-9280.2006.01705.x","10.1080/15534510.2019.1710248","article",TRUE,"article_oa","status_available",1,0
"10.1111/j.1467-9280.2006.01811.x","10.31234/osf.io/v674w","preprint",TRUE,"preprint","status_available",1,0
"10.1111/j.1467-9280.2006.01824.x","10.1016/j.jesp.2015.10.012","article",TRUE,"article_oa","status_available",2,0
"10.1111/j.1467-9280.2007.01944.x","10.1177/0956797617747090","article",FALSE,"article_closed","status_available",1,0
"10.1111/j.1467-9280.2008.02039.x","10.1126/science.aac4716","article",TRUE,"article_oa","status_available",40,1
"10.1111/j.1467-9280.2008.02040.x","10.1126/science.aac4716","article",TRUE,"article_oa","status_available",40,1
"10.1111/j.1467-9280.2008.02044.x","10.1126/science.aac4716","article",TRUE,"article_oa","status_available",40,1
"10.1111/j.1467-9280.2008.02049.x","10.1126/science.aac4716","article",TRUE,"article_oa","status_available",40,1
"10.1111/j.1467-9280.2008.02051.x","10.1126/science.aac4716","article",TRUE,"article_oa","status_available",40,1
"10.1111/j.1467-9280.2008.02052.x","10.1126/science.aac4716","article",TRUE,"article_oa","status_available",40,1
"10.1111/j.1467-9280.2008.02060.x","10.17605/osf.io/jc8rb",NA,NA,"online_deposit","status_not_retrieved",1,0
"10.1111/j.1467-9280.2008.02069.x","10.17605/osf.io/vk6d9","other",NA,"online_deposit","status_not_retrieved",1,0
"10.1111/j.1467-9280.2008.02070.x","10.1126/science.aac4716","article",TRUE,"article_oa","status_available",40,1
"10.1111/j.1467-9280.2008.02076.x","10.1126/science.aac4716","article",TRUE,"article_oa","status_available",40,1
"10.1111/j.1467-9280.2008.02077.x","10.1126/science.aac4716","article",TRUE,"article_oa","status_available",40,1
"10.1111/j.1467-9280.2008.02078.x","10.1126/science.aac4716","article",TRUE,"article_oa","status_available",40,1
"10.1111/j.1467-9280.2008.02081.x","10.1126/science.aac4716","article",TRUE,"article_oa","status_available",40,1
"10.1111/j.1467-9280.2008.02082.x","10.1080/02699931.2017.1292217","article",FALSE,"article_closed","status_available",1,0
"10.1111/j.1467-9280.2008.02084.x","10.1371/journal.pone.0042510","article",TRUE,"article_oa","status_available",1,0
"10.1111/j.1467-9280.2008.02092.x","10.1126/science.aac4716","article",TRUE,"article_oa","status_available",40,1
"10.1111/j.1467-9280.2008.02093.x","10.1126/science.aac4716","article",TRUE,"article_oa","status_available",40,1
"10.1111/j.1467-9280.2008.02124.x","10.1177/1948550612439721","article",FALSE,"article_closed","status_available",1,0
"10.1111/j.1467-9280.2009.02305.x","10.1101/2020.01.16.899021","preprint",TRUE,"preprint","status_available",1,0
"10.1111/j.1467-9280.2009.02457.x","10.31234/osf.io/h9juq","preprint",TRUE,"preprint","status_available",1,0
"10.1111/j.1467-9477.2007.00176.x","10.1086/683144","article",FALSE,"article_closed","status_available",1,0
"10.1111/j.1468-0262.2004.00481.x","10.1093/ije/dyv127","article",TRUE,"article_oa","status_available",1,0
"10.1111/j.1468-0297.2007.02027.x","10.1002/jae.2392","article",FALSE,"article_closed","status_available",1,0
"10.1111/j.1468-0297.2008.02208.x","10.1002/jae.2366","article",FALSE,"article_closed","status_available",1,0
"10.1111/j.1468-0297.2011.02482.x","10.1177/1091142114537895","article",FALSE,"article_closed","status_available",1,0
"10.1111/j.1468-0297.2012.02529.x","10.48548/pubdata-2250","article",NA,"online_deposit","status_not_retrieved",1,0
"10.1111/j.1468-2478.2007.00462.x","10.1111/isqu.12114","article",FALSE,"article_closed","status_available",1,0
"10.1111/j.1469-8986.2005.00345.x","10.31234/osf.io/2d4mf_v1","preprint",TRUE,"preprint","status_available",1,0
"10.1111/j.1471-6402.2005.00244.x","10.4172/2471-271x.1000153","article",FALSE,"article_closed","status_available",2,0
"10.1111/j.1471-6402.2007.00348.x","10.4172/2471-271x.1000153","article",FALSE,"article_closed","status_available",2,0
"10.1111/j.1538-4616.2009.00228.x","10.26021/5557","dissertation",NA,"online_deposit","status_not_retrieved",1,0
"10.1111/j.1540-4781.1996.tb05468.x","10.32601/ejal.460588","article",TRUE,"article_oa","status_available",1,0
"10.1111/j.1540-5907.2006.00220.x","10.1177/2053168014559094","article",TRUE,"article_oa","status_available",1,0
"10.1111/j.1540-5907.2011.00567.x","10.17605/osf.io/fspwc","preprint",NA,"preprint","status_not_retrieved",1,0
"10.1111/j.1540-5907.2012.00628.x","10.17605/osf.io/p7tb4","preprint",NA,"preprint","status_not_retrieved",1,0
"10.1111/j.1540-6261.1997.tb03808.x","10.1561/104.00000103","article",FALSE,"article_closed","status_available",1,0
"10.1111/j.1540-6261.2008.01433.x","10.1111/j.1540-6261.2012.01744.x","article",FALSE,"article_closed","status_available",1,0
"10.1111/j.1540-6261.2011.01665.x","10.1561/104.00000089","article",FALSE,"article_closed","status_available",1,0
"10.1111/j.1551-6709.2011.01210.x","10.1007/s13164-018-0400-9","article",TRUE,"article_oa","status_available",5,1
"10.1111/j.1559-1816.1982.tb00855.x","10.1097/psn.0b013e31828f04ef","article",FALSE,"article_closed","status_available",1,0
"10.1111/j.1559-1816.1999.tb00142.x","10.1007/s12369-020-00688-z","article",TRUE,"article_oa","status_available",1,0
"10.1111/j.1745-6916.2006.00007.x","10.13140/2.1.4432.0644","article",NA,"online_deposit","status_not_retrieved",1,0
"10.1111/j.1933-1592.2007.00118.x","10.1017/epi.2019.20","article",FALSE,"article_closed","status_available",1,0
"10.1111/j.2044-8295.1975.tb01468.x","10.1098/rsos.200724","article",TRUE,"article_oa","status_available",1,0
"10.1111/j.2047-2927.2012.00013.x","10.1177/1042258720985478","article",TRUE,"article_oa","status_available",2,0
"10.1111/lang.12140","10.1111/lang.12371","article",FALSE,"article_closed","status_available",1,0
"10.1111/obes.12084","10.1007/s00181-019-01663-y","article",FALSE,"article_closed","status_available",1,0
"10.1111/puar.12441","10.30636/jbpa.31.107","article",TRUE,"article_oa","status_available",1,0
"10.1111/puar.12649","10.1111/padm.12743","article",TRUE,"article_oa","status_available",1,0
"10.1126/science.1121629","10.1017/s1930297500003144","review",TRUE,"article_oa","status_available",1,0
"10.1126/science.1128317","10.1177/1948550616646426","article",FALSE,"article_closed","status_available",1,0
"10.1126/science.1157627","10.1038/s41562-020-0823-z","article",TRUE,"article_oa","status_available",1,0
"10.1126/science.1162548","10.1027/1864-9335/a000187","article",FALSE,"article_closed","status_available",1,0
"10.1126/science.1169144","10.3758/s13423-013-0548-3","article",FALSE,"article_closed","status_available",1,0
"10.1126/science.1186799","10.1038/s41562-018-0399-z","article",TRUE,"article_oa","status_available",2,0
"10.1126/science.1199427","10.1038/s41562-018-0399-z","article",TRUE,"article_oa","status_available",2,0
"10.1126/science.1238041","10.1007/s11238-021-09836-x","article",FALSE,"article_closed","status_available",1,0
"10.1126/science.151.3712.837",NA,NA,NA,"doi_unavailable","doi_unavailable",NA,0
"10.1126/science.167.3914.86","10.1037/com0000223","article",FALSE,"article_closed","status_available",1,0
"10.1126/science.aaa3841","10.17605/osf.io/fjy9a",NA,NA,"online_deposit","status_not_retrieved",1,0
"10.1136/ard.2008.093252","10.3899/jrheum.131548","article",TRUE,"article_oa","status_available",1,0
"10.1136/bjsm.2008.053892","10.1016/j.mgene.2016.03.007","article",TRUE,"article_oa","status_available",2,0
"10.1162/003355303321675428","10.1257/pol.20180230","article",TRUE,"article_oa","status_available",1,0
"10.1162/0033553053970214","10.1002/jae.1262","article",FALSE,"article_closed","status_available",1,0
"10.1162/0034653041811770","10.1002/jae.1264","article",FALSE,"article_closed","status_available",1,0
"10.1162/jocn.2008.21154","10.20378/irb-49996","other",TRUE,"online_deposit","status_available",1,0
"10.1162/qjec.121.1.73","10.18718/81781.7","article",NA,"article_access_unknown","status_not_retrieved",1,0
"10.1162/qjec.2009.124.2.469","10.1002/jae.2622","article",FALSE,"article_closed","status_available",1,0
"10.1162/qjec.2009.124.2.531","10.1002/jae.2851","article",FALSE,"article_closed","status_available",1,0
"10.1162/rest.89.1.183","10.1002/jae.2591","article",FALSE,"article_closed","status_available",1,0
"10.1162/rest.90.2.347","10.1080/00036846.2017.1321840","article",FALSE,"article_closed","status_available",1,0
"10.1162/rest_a_00199","10.1162/rest_a_00761","article",TRUE,"article_oa","status_available",1,0
"10.1162/rest_a_00272","10.1002/jae.2662","article",TRUE,"article_oa","status_available",1,0
"10.1162/rest_a_00412","10.1002/jae.2667","article",TRUE,"article_oa","status_available",1,0
"10.1176/appi.ajp.160.11.1965","10.1101/226092","preprint",TRUE,"preprint","status_available",1,0
"10.1177/000312240406900501","10.1177/0038040718801760","article",TRUE,"article_oa","status_available",1,0
"10.1177/000312240907400203","10.1177/0003122417714422","article",FALSE,"article_closed","status_available",1,0
"10.1177/0003122410368927","10.17605/osf.io/ks6ut","preprint",NA,"preprint","status_not_retrieved",1,0
"10.1177/0003122412450573","10.1177/14789299211014011","article",FALSE,"article_closed","status_available",1,0
"10.1177/0003122416663683","10.1111/nana.12722","article",TRUE,"article_oa","status_available",1,0
"10.1177/0010414009332147","10.17605/osf.io/zfxk9","preprint",NA,"preprint","status_not_retrieved",1,0
"10.1177/0010414014546331","10.17605/osf.io/6e9ka","preprint",NA,"preprint","status_not_retrieved",1,0
"10.1177/0010414015621080","10.17605/osf.io/5k8m4","preprint",NA,"preprint","status_not_retrieved",1,0
"10.1177/0010414015626446","10.17605/osf.io/rpc54","preprint",NA,"preprint","status_not_retrieved",1,0
"10.1177/001440291107700203","10.1080/10573569.2020.1860841","article",FALSE,"article_closed","status_available",1,0
"10.1177/0022002708330289","10.17605/osf.io/xshrn","preprint",NA,"preprint","status_not_retrieved",1,0
"10.1177/0022002710371671","10.17605/osf.io/vfyxz","preprint",NA,"preprint","status_not_retrieved",1,0
"10.1177/0022002710381064","10.17605/osf.io/wb524","preprint",NA,"preprint","status_not_retrieved",1,0
"10.1177/0022002712445741","10.17605/osf.io/6wfmz","preprint",NA,"preprint","status_not_retrieved",1,0
"10.1177/0022002712449328","10.17605/osf.io/jp3qb","preprint",NA,"preprint","status_not_retrieved",1,0
"10.1177/0022002714545222","10.1177/2053168018787119","article",TRUE,"article_oa","status_available",1,0
"10.1177/0022002714553105","10.17605/osf.io/adxj2","preprint",NA,"preprint","status_not_retrieved",1,0
"10.1177/0022002715612575","10.17605/osf.io/f3p2m","preprint",NA,"preprint","status_not_retrieved",1,0
"10.1177/0022042614552019","10.17632/3pr3cpx6cg.3","article",NA,"online_deposit","status_not_retrieved",1,0
"10.1177/0022487108328155","10.1080/02607476.2019.1674563","article",TRUE,"article_oa","status_available",1,0
"10.1177/002383099503800103","10.1159/000506138","article",TRUE,"article_oa","status_available",1,0
"10.1177/0146167215580775","10.1111/pere.12304","article",FALSE,"article_closed","status_available",1,0
"10.1177/0146167299025002007","10.3389/fpsyg.2015.00335","article",TRUE,"article_oa","status_available",1,0
"10.1177/0193723504273121",NA,NA,NA,"doi_unavailable","doi_unavailable",NA,0
"10.1177/0265407512453827","10.1080/10510974.2018.1467941","article",FALSE,"article_closed","status_available",1,0
"10.1177/0265407597141004","10.1037/dev0001119","article",TRUE,"article_oa","status_available",2,0
"10.1177/0305735614546359","10.32657/10220/47388","dissertation",TRUE,"online_deposit","status_available",1,0
"10.1177/0731948712438556","10.1080/00220671.2015.1048503","article",FALSE,"article_closed","status_available",1,0
"10.1177/0956797609358096","10.1016/j.appet.2013.12.020","article",FALSE,"article_closed","status_available",1,0
"10.1177/0956797610372631","10.1027/1864-9335/a000190","article",FALSE,"article_closed","status_available",1,0
"10.1177/0956797610384146","10.31577/sp.2021.03.824","article",TRUE,"article_oa","status_available",1,0
"10.1177/0956797610384745","10.31234/osf.io/8cqpk","preprint",TRUE,"preprint","status_available",1,0
"10.1177/0956797610389187","10.1037/xge0000353","article",FALSE,"article_closed","status_available",1,0
"10.1177/0956797610395393","10.1177/1745691615605826","article",TRUE,"article_oa","status_available",1,0
"10.1177/0956797611402514","10.1037/pspa0000238","article",FALSE,"article_closed","status_available",1,0
"10.1177/0956797611414726","10.1027/1864-9335/a000178","article",TRUE,"article_oa","status_available",1,0
"10.1177/0956797611434537","10.1177/2515245918810225","article",TRUE,"article_oa","status_available",7,1
"10.1177/0956797612443835","10.31219/osf.io/qbk6z","preprint",TRUE,"preprint","status_available",1,0
"10.1177/0956797612457950","10.31234/osf.io/3fv45","preprint",TRUE,"preprint","status_available",1,0
"10.1177/0956797612465878","10.1098/rsos.160431","article",TRUE,"article_oa","status_available",1,0
"10.1177/0956797613480186","10.3389/fpsyg.2018.02662","article",TRUE,"article_oa","status_available",1,0
"10.1177/0956797613482944","10.1016/j.cognition.2020.104521","article",TRUE,"article_oa","status_available",1,0
"10.1177/0956797613508412","10.31234/osf.io/bjmyx","preprint",FALSE,"preprint","status_available",1,0
"10.1177/0956797614532295","10.1016/j.evolhumbehav.2018.02.008","article",TRUE,"article_oa","status_available",3,0
"10.1177/0956797614563108","10.31234/osf.io/8f7qd","preprint",TRUE,"preprint","status_available",1,0
"10.1177/0956797614564191","10.17605/osf.io/7jfbp",NA,NA,"online_deposit","status_not_retrieved",1,0
"10.1177/0963662514549688","10.1109/tvcg.2017.2744298","article",TRUE,"article_oa","status_available",1,0
"10.1177/1049731508329392","10.1177/1049731514530000","article",FALSE,"article_closed","status_available",1,0
"10.1177/1368430215596073","10.1177/1948550618762301","article",FALSE,"article_closed","status_available",1,0
"10.1177/1527002511402758","10.5465/amd.2018.0091","article",FALSE,"article_closed","status_available",1,0
"10.1177/1948550611419266","10.3389/fpsyg.2015.00494","article",TRUE,"article_oa","status_available",1,0
"10.1177/1948550612447114","10.1177/1948550616639649","article",FALSE,"article_closed","status_available",1,0
"10.1177/1948550612452014","10.1371/journal.pone.0140806","article",TRUE,"article_oa","status_available",1,0
"10.1177/1948550612466115","10.31234/osf.io/prfm3","preprint",TRUE,"preprint","status_available",1,0
"10.1177/1948550614555029","10.1073/pnas.2103313118","article",TRUE,"article_oa","status_available",7,1
"10.1177/2041669515604436","10.1101/2020.08.20.258871","preprint",TRUE,"preprint","status_available",3,0
"10.1177/2041669516676824","10.1101/2020.08.20.258871","preprint",TRUE,"preprint","status_available",3,0
"10.1177/2041669517728944","10.1101/2020.08.20.258871","preprint",TRUE,"preprint","status_available",3,0
"10.1186/s13104-016-2064-9","10.1111/2041-210x.13602","article",TRUE,"article_oa","status_available",1,0
"10.1257/00028280260344452","10.1257/aer.104.10.3297","article",FALSE,"article_closed","status_available",1,0
"10.1257/000282803322655554","10.1257/aer.101.4.1629","article",FALSE,"article_closed","status_available",1,0
"10.1257/0002828054201387","10.1016/j.euroecorev.2015.05.006","article",TRUE,"article_oa","status_available",1,0
"10.1257/aer.100.3.1238","10.1080/21606544.2021.1966516","article",FALSE,"article_closed","status_available",1,0
"10.1257/aer.100.5.2340","10.1257/aer.103.6.2633","article",TRUE,"article_oa","status_available",1,0
"10.1257/aer.101.2.470","10.1126/science.aaf0918","article",TRUE,"article_oa","status_available",6,1
"10.1257/aer.101.2.493","10.17605/osf.io/qnmrj","preprint",NA,"preprint","status_not_retrieved",1,0
"10.1257/aer.101.2.749","10.1257/aer.20120767","article",FALSE,"article_closed","status_available",1,0
"10.1257/aer.101.2.819","10.1126/science.aaf0918","article",TRUE,"article_oa","status_available",6,1
"10.1257/aer.101.4.1514","10.1257/aer.104.1.323","article",FALSE,"article_closed","status_available",1,0
"10.1257/aer.101.6.2530","10.1257/aer.104.12.4231","article",FALSE,"article_closed","status_available",1,0
"10.1257/aer.101.6.2562","10.1126/science.aaf0918","article",TRUE,"article_oa","status_available",6,1
"10.1257/aer.101.7.3109","10.1126/science.aaf0918","article",TRUE,"article_oa","status_available",6,1
"10.1257/aer.102.1.202","10.1002/jae.2446","article",FALSE,"article_closed","status_available",1,0
"10.1257/aer.102.1.428","10.1257/aer.20170413","article",FALSE,"article_closed","status_available",1,0
"10.1257/aer.102.2.1029","10.1002/jae.2554","article",FALSE,"article_closed","status_available",1,0
"10.1257/aer.102.5.1927","10.1257/aer.20150988","article",FALSE,"article_closed","status_available",1,0
"10.1257/aer.102.7.3357","10.1007/s10683-016-9506-z","article",TRUE,"article_oa","status_available",1,0
"10.1257/aer.103.1.1","10.7275/11867619","preprint",NA,"preprint","status_not_retrieved",1,0
"10.1257/aer.103.1.277","10.1007/s00181-016-1118-0","article",TRUE,"article_oa","status_available",1,0
"10.1257/aer.103.4.1212","10.1257/aer.20162011","article",TRUE,"article_oa","status_available",1,0
"10.1257/aer.104.1.123","10.1257/aer.20160789","article",TRUE,"article_oa","status_available",1,0
"10.1257/aer.20131377","10.1257/aer.20200679","article",FALSE,"article_closed","status_available",1,0
"10.1257/aer.91.5.1369","10.1257/aer.102.6.3059","article",FALSE,"article_closed","status_available",1,0
"10.1257/aer.96.4.1013","10.1257/aer.102.4.1751","article",FALSE,"article_closed","status_available",1,0
"10.1257/aer.97.5.1939","10.1257/aer.104.4.1446","article",TRUE,"article_oa","status_available",1,0
"10.1257/aer.98.1.439","10.1257/aer.102.7.3774","article",TRUE,"article_oa","status_available",1,0
"10.1257/aer.98.1.519","10.1257/aer.104.3.1072","article",TRUE,"article_oa","status_available",1,0
"10.1257/aer.98.3.938","10.1257/aer.101.2.1029","article",TRUE,"article_oa","status_available",1,0
"10.1257/aer.98.4.1591","10.1002/jae.2563","article",FALSE,"article_closed","status_available",1,0
"10.1257/aer.99.3.827","10.1002/jae.2814","article",FALSE,"article_closed","status_available",1,0
"10.1257/app.20150517","10.17605/osf.io/qs827","preprint",NA,"preprint","status_not_retrieved",1,0
"10.1257/app.5.3.91","10.17605/osf.io/ezx2k","preprint",NA,"preprint","status_not_retrieved",1,0
"10.1257/app.6.3.133","10.17605/osf.io/4p892","preprint",NA,"preprint","status_not_retrieved",1,0
"10.1257/jep.26.3.69","10.4337/ejeep.2015.01.03","article",TRUE,"article_oa","status_available",1,0
"10.1257/mac.3.3.92","10.5018/economics-ejournal.ja.2018-3","article",TRUE,"article_oa","status_available",1,0
"10.1257/pol.2.1.131","10.1177/1091142117690437","article",FALSE,"article_closed","status_available",1,0
"10.1287/mnsc.2013.1794","10.17605/osf.io/sc87r","preprint",NA,"preprint","status_not_retrieved",1,0
"10.1287/mnsc.2016.2664","10.1177/1042258720985478","article",TRUE,"article_oa","status_available",2,0
"10.1287/mnsc.23.8.830","10.5465/ambpp.2016.11907abstract","conference-abstract",FALSE,"other_unclassified","status_available",1,0
"10.1287/orsc.1040.0065","10.1002/smj.2573","article",FALSE,"article_closed","status_available",1,0
"10.1348/000709909x466479","10.2466/04.03.pr0.112.2.533-544","article",FALSE,"article_closed","status_available",1,0
"10.1348/0144665031752970","10.17605/osf.io/eqy76",NA,NA,"online_deposit","status_not_retrieved",1,0
"10.1353/lan.2007.0082","10.1017/s0047404519001003","article",FALSE,"article_closed","status_available",1,0
"10.1371/journal.pbio.0000005","10.7554/elife.33105.044","peer-review",TRUE,"other_unclassified","status_available",1,0
"10.1371/journal.pbio.0060202","10.5281/zenodo.18538610","article",NA,"online_deposit","status_not_retrieved",1,0
"10.1371/journal.pgen.1000564","10.1186/1471-2350-13-27","article",TRUE,"article_oa","status_available",1,0
"10.1371/journal.pgen.1002656","10.1371/journal.pgen.1006343","article",TRUE,"article_oa","status_available",1,0
"10.1371/journal.pgen.1002741","10.1371/journal.pone.0126363","article",TRUE,"article_oa","status_available",1,0
"10.1371/journal.pone.0000691","10.1097/mib.0b013e3182a3eaeb","article",TRUE,"article_oa","status_available",1,0
"10.1371/journal.pone.0004117","10.1101/705798","preprint",TRUE,"preprint","status_available",1,0
"10.1371/journal.pone.0045232","10.1186/s12979-019-0146-y","article",TRUE,"article_oa","status_available",1,0
"10.1371/journal.pone.0051382","10.22599/jesla.39","article",TRUE,"article_oa","status_available",1,0
"10.1371/journal.pone.0072626","10.31234/osf.io/knh68","preprint",TRUE,"preprint","status_available",1,0
"10.1371/journal.pone.0111065","10.23675/sjlas.v45i0.614","article",NA,"article_access_unknown","status_not_retrieved",1,0
"10.1371/journal.pone.0144228","10.1007/s40881-021-00109-5","article",TRUE,"article_oa","status_available",1,0
"10.1371/journal.pone.0163051","10.1073/pnas.2103313118","article",TRUE,"article_oa","status_available",7,1
"10.1371/journal.pone.0175799","10.1177/09636625211024550","article",TRUE,"article_oa","status_available",1,0
"10.1377/hlthaff.2012.0393","10.1111/1475-6773.12595","article",TRUE,"article_oa","status_available",1,0
"10.1509/jmkr.43.2.259","10.17605/osf.io/46zm7","preprint",NA,"preprint","status_not_retrieved",1,0
"10.1509/jmkr.45.6.633","10.1177/2515245918781032","article",TRUE,"article_oa","status_available",1,0
"10.1509/jmr.13.0451","10.1073/pnas.2103313118","article",TRUE,"article_oa","status_available",7,1
"10.1515/ling.2010.027","10.25949/19433621","dissertation",NA,"online_deposit","status_not_retrieved",1,0
"10.1521/soco.2017.35.1.66","10.1521/soco.2020.38.6.521","article",FALSE,"article_closed","status_available",1,0
"10.1521/soco.2018.36.1.4","10.1073/pnas.2103313118","article",TRUE,"article_oa","status_available",7,1
"10.1523/jneurosci.14-05-03208.1994","10.1152/jn.00493.2013","article",TRUE,"article_oa","status_available",1,0
"10.1523/jneurosci.1777-12.2012","10.1371/journal.pone.0236287","article",TRUE,"article_oa","status_available",1,0
"10.1523/jneurosci.2129-15.2016","10.1098/rsos.182067","article",TRUE,"article_oa","status_available",1,0
"10.1523/jneurosci.5996-10.2012","10.1523/jneurosci.0888-19.2019","article",TRUE,"article_oa","status_available",1,0
"10.1534/g3.114.015669","10.1186/s12891-019-2402-x","article",TRUE,"article_oa","status_available",1,0
"10.2147/ppa.s30763","10.2147/ppa.s96880","article",TRUE,"article_oa","status_available",1,0
"10.2202/1558-3708.1832","10.1002/jae.2434","article",FALSE,"article_closed","status_available",1,0
"10.2224/sbp.2003.31.2.167","10.1177/0265407520969871","article",FALSE,"article_closed","status_available",1,0
"10.2224/sbp.2008.36.6.753","10.31234/osf.io/vzsfa","preprint",TRUE,"preprint","status_available",1,0
"10.2307/2109768","10.1002/jae.2648","article",FALSE,"article_closed","status_available",1,0
"10.2307/25148745","10.17705/1atrr.00044","article",NA,"article_access_unknown","status_not_retrieved",1,0
"10.25300/misq/2014/38.2.04","10.17705/1atrr.00029","article",TRUE,"article_oa","status_available",1,0
"10.2753/joa0091-3367370303","10.1080/00913367.2015.1093438","article",FALSE,"article_closed","status_available",1,0
"10.3109/0142159x.2010.541533","10.3205/zma000997","article",NA,"article_access_unknown","status_not_retrieved",1,0
"10.3109/15622975.2011.615860","10.1097/ypg.0000000000000193","article",TRUE,"article_oa","status_available",1,0
"10.3389/fpsyg.2014.01276","10.17605/osf.io/j8a4p",NA,NA,"online_deposit","status_not_retrieved",1,0
"10.3389/fpsyg.2015.01274","10.31234/osf.io/amdz8","preprint",TRUE,"preprint","status_available",1,0
"10.3389/fpsyg.2016.00814","10.1371/journal.pone.0237007","article",TRUE,"article_oa","status_available",1,0
"10.3389/fpsyt.2012.00045","10.1167/17.10.898","article",TRUE,"article_oa","status_available",1,0
"10.3389/fpsyt.2014.00019","10.1080/20008198.2019.1705599","article",TRUE,"article_oa","status_available",1,0
"10.3758/bf03193216","10.3758/s13421-018-0791-y","article",TRUE,"article_oa","status_available",1,0
"10.3758/bf03196261","10.1037/xhp0000411","article",FALSE,"article_closed","status_available",1,0
"10.3758/bf03202642","10.31234/osf.io/2dyn7","preprint",TRUE,"preprint","status_available",1,0
"10.3758/mc.37.1.65","10.1037/a0031138","article",TRUE,"article_oa","status_available",1,0
"10.3758/pbr.16.1.139","10.3758/s13421-019-00968-8","article",TRUE,"article_oa","status_available",1,0
"10.3758/s13414-012-0325-9","10.3389/fpsyg.2016.00630","article",TRUE,"article_oa","status_available",1,0
"10.3982/ecta12987","10.17605/osf.io/gpyu7","preprint",NA,"preprint","status_not_retrieved",1,0
"10.3982/ecta14176","10.1002/jae.2850","article",FALSE,"article_closed","status_available",1,0
"10.3982/ecta6248","10.1002/jae.2861","article",TRUE,"article_oa","status_available",1,0
"10.4006/0836-1398-29.1.014","10.3389/fpsyg.2019.01891","article",TRUE,"article_oa","status_available",1,0
"10.7717/peerj.1232","10.7717/peerj.4661","article",TRUE,"article_oa","status_available",1,0
