"draw","n","observed","counterfactual","att","reduction_pct","negative_counterfactual_cells"
1,5090,141357,155561.05887846,-2.79058131207464,9.1308576714932,418
2,5085,147176,76955.3229484912,13.8093760179958,-91.2486288940791,597
3,4957,145527,187537.377748908,-8.47496020756659,22.4010691912068,422
4,4971,142329,171914.288735754,-5.95157689313097,17.2093250382631,350
5,5203,126183,101675.443800671,4.71027411096075,-24.1037120500545,639
6,5046,135251,156099.567814556,-4.13170190538172,13.355942048042,494
7,5048,136886,130778.309114395,1.2099229171166,-4.67026292583585,681
8,4973,150307,124036.535542101,5.28261903436529,-21.1796180400263,649
9,4934,137611,144875.619037301,-1.47235894554141,5.01438343150815,360
10,5066,130953,168888.591197189,-7.48827303537096,22.4619028012951,480
11,5048,147144,162240.776043438,-2.990645016529,9.30516754887586,274
12,4896,129044,138906.830376592,-2.0144669886831,7.10032066087261,417
13,5049,126896,141700.488639973,-2.93216253515016,10.4477329486053,612
14,4944,143800,155755.503042695,-2.41818427238976,7.67581421467836,354
15,5035,135463,165561.786212121,-5.97791185940844,18.1797906997441,313
16,5027,134989,162342.195697256,-5.44125635513343,16.8490980301051,339
17,4896,98014,118727.42713648,-4.23068364715682,17.4462023106668,407
18,5055,129956,165795.266759667,-7.08986483870755,21.6165801715067,510
19,5027,143014,168006.416571909,-4.97163647740377,14.87587026845,431
20,5006,106875,133497.515426879,-5.31812133976805,19.9423302686565,385
21,5105,122554,101883.083539632,4.04915111858336,-20.2888602722033,414
22,5064,129127,95981.8988253749,6.54524114822771,-34.5326583243866,670
23,5070,123924,149138.956637507,-4.97336422830518,16.9070222871372,479
24,5117,145117,172804.991237694,-5.41098128545896,16.0226802706229,357
25,5093,129552,161165.666933525,-6.20727801561466,19.6156337357912,383
26,5121,139530,157444.944694198,-3.49832936813074,11.3785455156997,337
27,4910,115518,169460.274462106,-10.9862066114269,31.8318111034149,363
28,5004,146600,180919.823969508,-6.85847801149241,18.9696315287662,321
29,5099,124260,155429.602521182,-6.11288537383454,20.0538391757995,511
30,4990,108959,141847.439939285,-6.5908697273116,23.1857832283488,405
31,4955,119409,148625.88838991,-5.89644568918458,19.6580075694896,527
32,5061,126551,149979.86178498,-4.62929495850226,15.6213384291345,434
33,4932,111066,133620.259611958,-4.57304533900208,16.8793711952493,332
34,4985,139241,102607.565445739,7.34873311018283,-35.7024693014806,661
35,5086,125680,161416.772805716,-7.02649878209114,22.13944200751,405
36,5090,147122,179828.047395884,-6.42554958661763,18.1874006138112,418
37,5004,116563,146740.911192705,-6.03075763243505,20.5654380550182,484
38,5057,133774,157776.138779277,-4.74631971114828,15.2127812006193,256
39,5010,149384,174710.698380848,-5.05522921773415,14.4963637691145,460
40,5104,144257,175243.926376468,-6.07110626498192,17.6821685163,545
41,4998,123088,139163.929898515,-3.21647256873059,11.5517935647827,459
42,5029,122088,153205.91166436,-6.18769370935773,20.3111690184204,330
43,5077,136101,151897.221882807,-3.11132989616052,10.3992829407994,298
44,5022,129130,108050.557935926,4.19741976584502,-19.5088692430203,492
45,5106,133182,144100.297424184,-2.13832695342427,7.5768736216029,470
46,5111,120473,101814.015240583,3.65075029532713,-18.326538556923,291
47,4998,128522,126376.902239254,0.429191228640593,-1.69738118496102,575
48,5059,137783,157923.42181146,-3.9811072961968,12.7532835727842,395
49,5052,121530,145056.891704032,-4.65694610135239,16.2190788921877,402
50,4911,130191,100093.61848292,6.12856475607418,-30.0692311590436,228
51,5101,140549,171708.891944357,-6.10858497242827,18.1469297201301,381
52,5016,137954,171594.48844266,-6.7066364518859,19.6046439183278,439
53,4909,145177,178257.300555042,-6.73870453351849,18.557613321889,388
54,5093,137623,146756.377501522,-1.79331975290036,6.22349614852467,454
55,5033,126967,166897.239654401,-7.93368560588135,23.925044978027,363
56,5012,105070,110387.490331372,-1.06095178199768,4.81711316690849,354
57,4994,130826,149323.192845213,-3.70388322891739,12.3873542299537,373
58,5009,150967,200714.468288724,-9.93161674759915,24.7851929723189,403
59,5016,144003,186994.182860822,-8.57080998022769,22.9906525449618,414
60,5108,124148,153464.46025383,-5.7393226808594,19.1030941009668,502
61,5099,98668,134942.037333878,-7.11395123237458,26.8811988099213,457
62,4984,115349,157334.658183435,-8.42408872059293,26.6855749827762,363
63,5069,102022,141410.419258235,-7.77045161930075,27.8539724758942,499
64,5069,125650,129934.182387401,-0.845173088853947,3.29719424764401,418
65,4912,130141,154047.161128774,-4.86688948061358,15.5187287799415,477
66,5121,109636,134068.575954491,-4.77105564430593,18.2239393389128,485
67,5005,133015,143281.747388761,-2.05129817957272,7.16542586607702,364
68,4998,157634,174204.091512175,-3.31534444021115,9.51188423207454,377
69,5006,138542,163612.988733967,-5.00818792128784,15.3233486705216,422
70,5015,144621,152763.200425096,-1.6235693768886,5.3299488374418,486
71,5120,119511,135955.649572268,-3.21184561958362,12.0955985455587,469
72,5132,123501,148620.33919149,-4.89464910200514,16.9016833955178,379
73,4966,111704,135114.912053734,-4.71423923756232,17.3266678695125,439
74,5071,132620,169712.749805206,-7.3146814839688,21.8561951578655,491
75,5072,140909,159965.676349843,-3.75723114153048,11.9129783242787,424
76,5015,124702,140064.86602752,-3.06338305633493,10.9683937615742,462
77,5153,116906,145603.01401254,-5.56899165777985,19.7090796554995,491
78,4993,126177,145709.634338554,-3.91200367285272,13.4051769652856,293
79,5144,135930,159791.762969146,-4.63875640924307,14.933036926161,389
80,5061,143435,164681.683118979,-4.19811956510155,12.9016674572294,493
81,4964,117757,150943.569075567,-6.68544904826081,21.9860768357428,469
82,5114,147114,176627.790118719,-5.7711752285332,16.7095959808371,340
83,5063,125162,172719.212547129,-9.39308958070887,27.5344079247422,343
84,5133,118617,163014.100562929,-8.64934746988678,27.2351289916728,561
85,5119,130241,171589.412194087,-8.07743938153679,24.0972981172738,343
86,5036,133782,120187.87433874,2.69938952765298,-11.31072975211,156
87,5018,133182,143039.71539479,-1.96447098341777,6.89159326665536,318
88,5027,129348,120017.28445596,1.85612006048146,-7.77447647339844,478
89,5023,149972,178181.094376697,-5.61598534276263,15.8316989102442,278
90,4942,133080,162085.67985641,-5.86921891064556,17.8952760552975,353
91,5063,133841,139607.214224261,-1.13889279562736,4.13031250304775,388
92,5124,115472,145515.091415138,-5.86321065869203,20.6460313655224,420
93,4936,108624,129357.186134913,-4.20040237741358,16.0278580219654,429
94,5051,128971,140213.374206013,-2.22577196713771,8.01804697281899,373
95,4983,116807,154983.336971992,-7.66131586835072,24.6325429029127,367
96,5039,144993,161445.189355293,-3.26497109650592,10.1905726773233,442
97,5043,120833,133052.471831934,-2.42305608406389,9.18394950780715,465
98,4942,143253,122814.656142001,4.13564222136759,-16.6416163184688,645
99,5015,143028,178925.08677061,-7.15794352355142,20.062634825843,336
100,5038,113703,137946.969058159,-4.81222093254455,17.5748472211361,386
101,4979,125770,167552.24562547,-8.39169424090578,24.9368460980618,369
102,5083,123229,159080.57210846,-7.05323079056854,22.536738228485,399
103,4920,119113,86648.9423898574,6.59838569311842,-37.466190255477,164
104,5016,132711,150364.129966609,-3.51936402843085,11.7402534570774,354
105,5073,134027,154094.688190837,-3.95578320339779,13.0229590821355,438
106,5044,146692,122448.511864181,4.80640129576105,-19.7989242717048,374
107,5057,128542,119889.094374499,1.71107487156437,-7.21742512998874,732
108,4951,136339,144771.090462602,-1.70310855637287,5.82442975020644,318
109,5034,124386,150035.026772462,-5.09515827820073,17.0953592132595,369
110,4941,124195,149016.742666297,-5.02362733582207,16.6570159984518,454
111,4988,125491,152385.802613418,-5.39190108528828,17.6491524487005,501
112,5110,144687,158291.895294363,-2.66240612414149,8.59481483184154,420
113,5048,147729,155385.509301588,-1.51674114532247,4.92742813406578,358
114,5069,114487,147301.40835848,-6.47354672686527,22.2770499781111,349
115,4955,124221,164066.336239646,-8.04144020981757,24.2861132593619,376
116,4980,124480,115087.963227384,1.88595115915981,-8.1607463623799,676
117,5038,109166,125603.667684236,-3.26273673764116,13.0869328796672,444
118,5105,122637,161246.379922491,-7.56305189470932,23.9443390549605,628
119,5053,108242,131863.873383268,-4.67482156803244,17.9138324828438,415
120,4975,128101,172064.828723583,-8.83695049720255,25.5507351791279,370
121,5041,136210,177647.913010833,-8.22017714954046,23.3258653639835,469
122,5086,115960,146693.841957965,-6.04283168658372,20.9510103135561,579
123,4994,128937,121786.777574241,1.43176260027218,-5.871099119443,739
124,5031,124974,147906.721246269,-4.55828289530299,15.5048540411396,446
125,5055,113818,151869.082805371,-7.52741499611699,25.0551870746042,422
126,5025,134048,117012.302577235,3.39018854184386,-14.5588942765406,577
127,5067,132811,165117.933422995,-6.37594896842209,19.5659749085108,319
128,5018,126014,112058.295595127,2.78112881723262,-12.4539681161099,622
129,4936,120463,155278.782102099,-7.05344045828577,22.4214677825117,351
130,5039,119583,154178.588854857,-6.86556635341468,22.4386467095148,466
131,5120,148718,176271.062260428,-5.3814574727398,15.6310751788176,334
132,5082,111582,132486.519520002,-4.11344343172023,15.7786011706996,490
133,5012,119050,115814.404062777,0.645569819876878,-2.79377678744438,395
134,4906,133655,174151.063867214,-8.25439540709622,23.2534117035836,445
135,4959,140714,159543.93803874,-3.79712402475091,11.8023525495325,413
136,5012,144865,138607.57541138,1.24848854521554,-4.51448960855755,547
137,4955,115703,118818.636185167,-0.628786313858187,2.62217803974109,439
138,5033,127760,130921.379250906,-0.628130190921213,2.41471581570172,360
139,4987,129890,161683.224149145,-6.37522040287657,19.6638979191914,426
140,4958,107259,129768.507374633,-4.54003779238264,17.3458937226192,343
141,5146,171743,241618.782265036,-13.5786595928946,28.919847045826,521
142,4983,133059,161933.376213231,-5.79457680377907,17.8310221700126,390
143,4930,135332,141274.542579875,-1.20538389044123,4.20637892103981,394
144,5050,125570,84105.8440724185,8.21072394605575,-49.2999700376103,155
145,5079,134835,156015.395448182,-4.17019008627323,13.5758367867077,455
146,5034,157665,100616.587007805,11.3326207771543,-56.698815462474,700
147,5132,130097,171390.011618444,-8.04618309010994,24.0930094049894,480
148,5032,129945,162482.904933647,-6.46619732385665,20.0254327967205,460
149,4940,122826,154874.877625137,-6.48762704962281,20.6933998054279,314
150,5084,128992,164057.326457486,-6.89719245819953,21.373825366204,400
151,5109,120121,152563.565129142,-6.35008125448072,21.2649495321376,448
152,4933,120410,162322.839152544,-8.49641985658708,25.820666624218,378
153,5017,145576,110161.353917025,7.05892885847622,-32.1479764216134,686
154,5105,132836,175618.874024083,-8.38058257082922,24.3612050594381,413
155,5097,124653,173771.588279417,-9.63676442601862,28.2661790490379,440
156,5113,163199,174821.18130884,-2.27306499292781,6.64803956924882,358
157,4973,107363,127264.221378519,-4.00185428886371,15.6377190407094,344
158,5017,117276,128125.716118948,-2.16259041637396,8.46802378757095,385
159,4964,140573,173000.351982246,-6.53250442833327,18.7440959574314,400
160,4957,121577,145355.820700869,-4.79701849926746,16.3590426487315,354
161,5098,141476,89458.3931142997,10.2035321470577,-58.1472627383751,180
162,5029,148794,178629.872812526,-5.93276452824146,16.7026222113696,377
163,4963,126199,142449.056050654,-3.27424059050048,11.4076263480998,409
164,5067,130475,149532.120745268,-3.76102639535592,12.7444997437926,413
165,5104,128450,150059.939897446,-4.2339223937003,14.4008720196842,479
166,5012,112407,132582.689510744,-4.02547675792968,15.2174387057585,398
167,4959,126941,171183.433754748,-8.92164423366575,25.8450439883884,465
168,5046,126951,163965.199824229,-7.33535470159107,22.5744242460644,390
169,5088,131410,152264.782692718,-4.09881735312846,13.6963927731104,326
170,5088,146886,97911.9078113698,9.62541120059557,-50.0185251041991,696
171,4951,139039,148749.131716964,-1.96124655967758,6.52785774604716,343
172,5023,131911,137797.768078419,-1.1719625877801,4.27203441718254,358
173,5012,144215,166996.27209446,-4.54534558947725,13.6417848187497,390
174,5032,131850,168252.389937959,-7.2341792404528,21.6355856528288,347
175,5091,120452,147519.221839499,-5.31668077774488,18.3482677728251,354
176,5107,122051,147229.140944195,-4.9301235449765,17.1013297929507,321
177,4900,115576,141803.554967349,-5.35256223823441,18.4956963690986,454
178,4936,110362,138580.512332607,-5.71687851146819,20.3625400553288,457
179,5041,122747,163794.931915967,-8.14281529775181,25.0605628854414,498
180,5072,136642,170582.725132191,-6.69178334625215,19.8969298361771,481
181,5078,140462,179108.483332763,-7.61057174729488,21.5771372821926,364
182,5004,145532,179415.202094711,-6.77122344019002,18.8853573716816,425
183,4977,127081,94007.4138546247,6.64528554257089,-35.1818912884053,257
184,5042,131407,157562.932266408,-5.18761052487267,16.6003081373121,423
185,5172,134135,154405.9717432,-3.91936808646563,13.1283599425247,361
186,5036,125402,162203.157529908,-7.30761666598649,22.6883114301412,439
187,4978,132688,151271.952078697,-3.73321656864149,12.2851274299873,380
188,5081,121747,151632.918681629,-5.88189700484733,19.7093869467607,374
189,5123,120074,150426.242246234,-5.92470080933716,20.1774915021479,397
190,5121,134744,167411.810449529,-6.37918579369839,19.5134443393275,430
191,5010,113145,140813.704772496,-5.52269556337255,19.649156179222,570
192,4936,136005,74553.557569506,12.4496439283821,-82.4259021753631,620
193,5058,137671,173451.736047084,-7.07408779104076,20.6286410632243,481
194,5089,109625,91967.525201567,3.46973369982963,-19.1996846275169,342
195,5072,130987,168434.028183587,-7.38308915291534,22.2324601432502,451
196,5098,130929,163787.337058171,-6.44533877170874,20.0615857418215,516
197,5010,125584,123099.551883641,0.495897827616487,-2.01824302228736,339
198,5006,133722,156053.048963117,-4.46085676450604,14.3099087851819,367
199,4912,135571,160175.042119734,-5.00896622958755,15.3607214920175,349
200,4912,122678,115938.056074663,1.37213842128205,-5.81340083966647,598
201,5034,126438,149233.040392334,-4.52821620825079,15.2747945980369,439
202,5080,118081,158131.255944611,-7.88390865051401,25.3272230751393,382
203,5041,124800,144540.017819639,-3.91589323936492,13.6571297813667,598
204,5031,139689,155152.556117672,-3.07365456522991,9.9666782840134,341
205,5013,128978,152444.807031132,-4.68119031141674,15.3936414681149,406
206,5172,130183,175073.724151999,-8.6795677014692,25.6410402928452,466
207,5035,124982,151325.373035402,-5.23205025529342,17.4084309240324,372
208,5104,145749,110469.504788443,6.91212680477206,-31.9359585064849,657
209,5070,128060,142740.213501039,-2.89550562150675,10.2845674256557,373
210,5140,116945,144624.076552261,-5.38503434868888,19.1386366724761,270
211,5039,143940,150338.060180743,-1.26970831132032,4.25578205083334,391
212,5062,124298,173563.003057896,-9.73231984549504,28.3845071760267,434
213,4993,137814,178512.914783905,-8.15119462926189,22.7988629467912,404
214,5038,126567,157824.550795719,-6.20435704559727,19.8052525023039,450
215,5097,127142,168013.770304964,-8.01878954384232,24.326440761836,483
216,5098,155552,189121.87508696,-6.5849107663711,17.7503924765573,473
217,5143,106545,140665.793042494,-6.63441435786391,24.2566385931414,388
218,5142,121397,155357.263004008,-6.60448522053833,21.8594627295487,376
219,5072,113839,148946.491932473,-6.92182411917848,23.5705396461366,460
220,4941,125416,148255.435469169,-4.6224317889434,15.4054624688071,457
221,5041,120846,156927.646516128,-7.15763668242977,22.9925365715722,375
222,4992,134083,169416.546865345,-7.07803422783355,20.856018800471,368
223,4976,135598,157126.819033385,-4.32653115622696,13.7015559570458,339
224,4996,124543,153600.262285546,-5.8161053413823,18.9174561639276,437
225,4966,134730,170949.834005598,-7.29356302972172,21.1874051918716,443
226,5033,130024,148288.957916732,-3.62903991987532,12.3171395721782,465
227,4980,110159,140835.415959903,-6.15992288351474,21.7817483981708,444
228,5196,130982,165861.363361572,-6.71273351839345,21.0292274551828,459
229,4919,113498,141315.929558686,-5.65520015423575,19.6849213287971,427
230,5057,149644,188503.194828471,-7.68423864513964,20.6146080780388,362
231,5074,134033,171382.295299593,-7.3609174811969,21.7929718086123,412
232,5034,132510,76696.9923615146,11.0872085098302,-72.7707905095005,170
233,4963,135022,152780.470145265,-3.57817250559447,11.6235210746376,319
234,5048,138217,104003.605203713,6.77761386614242,-32.8963546304695,666
235,5010,153497,152959.421571123,0.107301083608112,-0.351451661724985,840
236,5070,143397,167411.532800212,-4.73659424067293,14.3446107914624,431
237,5041,102489,127408.430620218,-4.94335064872409,19.5586983521511,471
238,5033,94774,127222.726510736,-6.44719382291599,25.5054481229011,467
239,4935,113706,138617.420051835,-5.04790679875086,17.9713487976619,365
240,4916,128788,160923.499490378,-6.53692015670829,19.9694262131675,475
241,5074,116839,153769.181652942,-7.27831723550304,24.0166340588935,289
242,4952,138292,167675.340421564,-5.93363094134986,17.5239485709048,279
243,4960,120763,153909.037507308,-6.68266885227987,21.5361216236144,383
244,4902,117557,145380.752801284,-5.67600016346064,19.1385395006968,460
245,5023,138433,90120.3314135194,9.61828958520418,-53.6090667097047,574
246,5081,117283,141284.044044094,-4.7236851100363,16.9877951940587,492
247,5081,131860,181897.72231003,-9.84800675261371,27.5087129594426,457
248,4942,111445,160703.875680354,-9.96739694058163,30.651952525608,549
249,5086,154328,170157.826526709,-3.11243148382002,9.30302581422779,307
250,5012,144910,160350.201263691,-3.08064670065669,9.62905013028351,390
251,4967,118262,139193.634976858,-4.21414032149352,15.0377817062816,395
252,5042,131163,154614.115669585,-4.65115344497915,15.1675127254879,444
253,4930,100509,137652.641611908,-7.53420722351077,26.9836024771899,467
254,5031,137393,175630.496827734,-7.60037702797344,21.771558765924,396
255,5062,134214,153778.950298481,-3.8650632750851,12.7227752956473,476
256,5019,168459,152999.092525341,3.0802764444429,-10.1045746216425,406
257,5035,132602,154402.682545006,-4.32982771499614,14.1193677374427,502
258,5033,132692,130319.10610367,0.471467096429529,-1.82083346584818,624
259,4982,130794,159211.382463712,-5.70401093209803,17.848838458638,369
260,5043,144745,187707.388584595,-8.51921248950921,22.8879581717866,398
261,4985,121423,153647.494236038,-6.46429172237474,20.9730034298729,441
262,5125,140020,156443.422238098,-3.20457019279956,10.497994740298,418
263,4978,132122,153487.076605915,-4.29189967977407,13.9197886091551,366
264,5121,155225,194111.781944242,-7.59359147514985,20.0331899252836,357
265,5065,132754,163946.426645267,-6.15842579373478,19.0259875030751,334
266,5063,114816,151555.140978349,-7.25639758608519,24.241434992692,489
267,5099,151287,184631.407742876,-6.53940140083851,18.0599867327623,521
268,5083,138392,152131.726418562,-2.70307425114349,9.03146683602344,381
269,5159,113441,137085.306999956,-4.58311823996041,17.2478783593951,429
270,4960,144082,90107.4335140367,10.8819690495894,-59.9002372845912,98
271,5039,143963,177398.458401468,-6.63533605903323,18.8476600657944,439
272,5050,135732,176873.348437274,-8.14680167074738,23.2603435174206,463
273,5068,144336,158423.367648413,-2.77967001744528,8.89222837357973,503
274,5028,126997,138240.37359928,-2.23615226715985,8.13320544971263,397
275,5111,138026,158861.217830101,-4.07654428293888,13.1153582445676,461
276,5044,147136,157652.66101448,-2.08498434069785,6.67077926043635,387
277,5055,123886,163281.853243891,-7.79344277821779,24.1275147612675,345
278,5109,126331,146860.451686401,-4.01829158081842,13.9788836617763,444
279,5156,125667,120550.592512264,0.992321079855624,-4.2441993698331,715
280,5023,111001,146555.489616044,-7.07833757038512,24.2600872264781,386
281,4945,119432,136722.45862028,-3.49655381603229,12.6463924030949,388
282,5105,139826,187150.185560894,-9.27016367500369,25.2867425266302,445
283,5083,129685,177547.341299519,-9.41616000384007,26.9575094446366,425
284,5128,172084,189075.541617385,-3.31348315471619,8.9866417792783,433
285,4987,125001,146847.002278376,-4.38058998964828,14.8767097315087,465
286,4952,123638,164608.253664835,-8.27347610356127,24.8895500393658,323
287,5166,129243,163383.133702345,-6.60862053858785,20.8957515556913,440
288,5073,117384,159666.221659752,-8.33475688148082,26.4816322577329,553
289,5051,130525,162593.773810754,-6.34899501301807,19.7232483502595,492
290,5026,110555,131577.394870689,-4.18272878445859,15.9772086165326,391
291,5089,117479,139019.588241854,-4.23277426642833,15.4946425279144,439
292,5087,123227,159867.381826311,-7.20274854065475,22.9192355612097,423
293,4998,107004,141698.329812735,-6.94164261959477,24.4846427326179,439
294,4990,147369,112178.481241743,7.05220816798736,-31.3701151671164,166
295,4908,124034,162958.341663317,-7.93079495992596,23.8860688357623,319
296,4965,106182,127089.292340443,-4.2109350131809,16.4508684842129,380
297,4996,139797,184921.22237636,-9.03207013137701,24.4018624776992,457
298,5119,121935,148971.182049785,-5.28153585657053,18.1485987274702,543
299,5091,120537,148027.226764775,-5.39976954719609,18.5710611254368,441
300,4880,129142,121001.849863707,1.66806355251903,-6.72729395911028,431
301,4974,135955,150451.536502923,-2.9144625056138,9.63535291156126,383
302,5069,116339,144745.160761782,-5.6038983550567,19.6249467769997,402
303,5090,143992,183226.786979885,-7.70820962276724,21.413237456482,425
304,5055,117939,160421.826518019,-8.40411998378219,26.4819491462698,459
305,5004,134998,150372.22393209,-3.07238687691645,10.2241115613433,399
306,5119,122766,110146.47858242,2.46523176745066,-11.4570357400369,524
307,5065,127725,146994.619950386,-3.80446593294892,13.1090647786226,439
308,5136,144692,169937.163070712,-4.91533548884573,14.8555869796455,363
309,5048,132372,153938.519721047,-4.2722899605877,14.0098266243742,348
310,5057,133488,177482.927191999,-8.69980763140189,24.788258728912,509
311,4954,126133,163964.617962145,-7.63658012962155,23.0730376055153,416
312,4978,129235,83808.2912990737,9.12549391340424,-54.2031199977805,191
313,5047,118430,116101.106795332,0.461441094643899,-2.00591817679501,497
314,5128,131512,151352.084032932,-3.86897114526756,13.1085634926673,434
315,5000,129154,141704.213298384,-2.51004265967676,8.85662677647916,390
316,5028,120799,137306.880209127,-3.28319017683522,12.0226169176554,414
317,5060,130962,149199.586910017,-3.60426618775047,12.223617563376,437
318,5109,142085,150959.482310591,-1.73702922501284,5.87871803397673,581
319,5097,138793,166586.765286617,-5.45296552611668,16.6842577432828,382
320,5003,136249,160530.68497725,-4.85342494048573,15.1258838649391,412
321,5079,142631,160279.708613703,-3.47483926239471,11.0111933483974,511
322,5012,143333,167669.493336843,-4.85564511908281,14.5145624600605,349
323,5118,132744,154102.396227957,-4.17319191636526,13.8598728837174,479
324,5176,163765,192445.24821059,-5.5410062230661,14.9030690428925,414
325,5001,128116,160045.540894285,-6.38463125260647,19.9502845976667,401
326,4981,122103,141077.742034507,-3.80942421893337,13.4498481198161,365
327,5089,114076,144859.763072516,-6.04907900815805,21.2507341028206,449
328,5001,143692,150520.239454991,-1.36537481603492,4.53642611765339,359
329,4957,141890,160317.92471636,-3.71755592422024,11.4946128132354,371
330,4976,133156,164598.306657387,-6.31879153082539,19.1024484369907,373
331,5022,116744,156099.885774425,-7.83669569383204,25.2119888359794,432
332,5079,142877,171127.541326351,-5.56222510855495,16.5084714636758,428
333,4905,111172,133723.164182216,-4.59758698923869,16.8640671346116,451
334,4995,121646,143129.592010691,-4.30101942155976,15.009888387781,437
335,4993,144372,144372.940145646,-0.000188292739002585,0.000651192422133587,425
336,5049,105904,124955.864393782,-3.77339362126796,15.2468749555783,444
337,5072,113836,154175.551531379,-7.95338161107636,26.1646876762876,443
338,5015,121132,146489.27326039,-5.05628579469384,17.3099863874102,424
339,4954,122802,146305.992388695,-4.74444739376154,16.0649553753417,413
340,5074,127719,143563.422598275,-3.12266901818579,11.0365316676876,396
341,4954,115283,139110.062382006,-4.80966136092168,17.1282091129937,558
342,4906,114852,129666.040164415,-3.01957606286479,11.4247648386815,391
343,4996,111336,139523.36868634,-5.64198732712968,20.2026147674999,352
344,4942,118634,144036.921060898,-5.14021065578671,17.6363954976223,442
345,5011,145114,124865.84002052,4.04074236269803,-16.2159322166513,553
346,5114,145727,175866.586129488,-5.89354441327499,17.1377558368574,427
347,5063,128530,145891.75322855,-3.42914343838627,11.9004349761643,377
348,5055,130159,155104.164782864,-4.93475069888511,16.0828465294828,369
349,5026,140802,161352.618957905,-4.08886171068544,12.736464453215,431
350,4916,111538,144428.963051328,-6.69059459953782,22.7731075238967,397
351,4994,111552,131252.708464647,-3.9448755435816,15.0097538520152,690
352,5007,109189,147691.82644394,-7.68979956939082,26.0697070183194,492
353,4996,142716,177576.893099374,-6.9777608285377,19.6314354254783,345
354,4897,113580,150349.867057833,-7.50865163525275,24.4562019091703,329
355,5096,162243,195340.189011369,-6.49473881698764,16.943358752173,327
356,5033,127811,150119.483032139,-4.43244248602015,14.8604848495004,401
357,5078,144282,180468.842920256,-7.12619986613948,20.0515736316025,476
358,5089,139765,171185.736158172,-6.17424565890591,18.3547629979755,378
359,5048,159340,193912.992003277,-6.84884944597403,17.8291261694795,372
360,5077,131452,86621.5347743674,8.83010936096762,-51.7544111200609,757
361,5139,114735,140847.763500426,-5.08129276132042,18.5397075902783,609
362,5125,129225,157543.317525048,-5.52552537074098,17.974940460769,398
363,5038,132801,155679.377006167,-4.5411625657339,14.695830267397,473
364,5019,115764,142302.224475468,-5.28755219674589,18.6491986146307,365
365,5062,122308,78957.4816372517,8.56391117399217,-54.9036233981098,814
366,5014,127337,145534.439404562,-3.62932576875987,12.5038715777618,420
367,5055,145800,148479.586628548,-0.530086375578313,1.80468351871958,298
368,5106,152840,164663.642905156,-2.31563707504037,7.18048179704513,350
369,4998,129163,151072.984575265,-4.38375041521901,14.5029136988745,455
370,5103,143340,110053.817893433,6.52286539419301,-30.2453678970033,487
371,5016,117607,133779.551114526,-3.22419280592621,12.0889560323617,298
372,5094,138149,152958.033974837,-2.90715233114201,9.68176276198318,374
373,4976,137323,168914.618293603,-6.34879788858587,18.7027141953407,435
374,5014,136408,177763.905274975,-8.24808641303856,23.264512112852,291
375,5001,119080,126017.210916023,-1.38716475025458,5.50497100006924,316
376,5021,138067,151725.022804648,-2.72017980574545,9.00182616695543,338
377,4943,120713,150135.960453809,-5.95245002100118,19.5975436963093,454
378,5021,139058,172505.323111394,-6.66148637948495,19.3891542058651,388
379,5128,158614,172850.933757726,-2.77631313528198,8.23653852959855,339
380,4976,110692,143642.552724343,-6.62189564395965,22.9392698050813,488
381,5029,123693,180436.900799549,-11.2833368064324,31.4480577687303,533
382,5061,135009,176653.784505381,-8.2285683669988,23.5742385151745,523
383,5075,128054,165516.301081775,-7.38173420330535,22.6336021509242,444
384,5070,130870,158999.619651952,-5.54824845206158,17.6916270073649,486
385,4937,139549,180269.305163045,-8.24798565182194,22.5885960597759,396
386,5033,111389,144758.413205212,-6.63012382380522,23.0517953784881,385
387,4948,131882,155359.015981552,-4.74474858155864,15.1114602736283,438
388,4999,119013,158718.076126591,-7.94260374606742,25.0161021955199,375
389,4959,125494,88956.6954197155,7.36787751165245,-41.0731361005422,769
390,5125,167516,185796.141935292,-3.56685696298375,9.83881675091955,377
391,5170,131385,100006.672569275,6.06930898079781,-31.3762338297864,280
392,5005,118022,136998.064642804,-3.79142150705371,13.8513377486611,404
393,5049,126039,150433.493346698,-4.83154948439251,16.2161316632306,366
394,5130,118465,138986.222566754,-4.00023831710607,14.7649329464278,426
395,4920,114846,145396.032385376,-6.20935617588947,21.0115997556264,335
396,5054,147700,174234.781033893,-5.25025346931005,15.2293249811766,326
397,5059,117329,148390.263300812,-6.13980298494015,20.9321438010025,433
398,4924,123013,141536.002028971,-3.76177945348714,13.087131022098,400
399,5038,127890,162326.858576733,-6.8354225043138,21.2145167341204,470
400,5019,161619,180637.155675849,-3.78923205336701,10.528374190068,327
401,4901,131026,162803.250693547,-6.48382997215809,19.5188060178005,320
402,5043,118012,145116.907593791,-5.37475859484251,18.6779804250394,384
403,4992,115977,158206.828503817,-8.45950090220684,26.6927975885679,452
404,4961,124421,128392.934662443,-0.800631861004427,3.09357728514077,549
405,4998,115590,132262.077314372,-3.33574976277954,12.6053345395026,438
406,5048,118286,146645.172781969,-5.61790269056445,19.3386336856335,392
407,5100,136316,107833.8614782,5.5847330434903,-26.4129820924188,600
408,4942,123491,157112.284208252,-6.80317365606077,21.3995260635937,412
409,5020,131104,149032.715425556,-3.57145725608679,12.0300535183574,442
410,5055,123093,148988.014654674,-5.122653739797,17.3806025368508,391
411,5051,132980,131238.088524452,0.344864675420224,-1.32729110514513,575
412,5096,122768,156858.586081253,-6.68967544765565,21.7333248583499,400
413,5142,137629,168336.683825218,-5.97193384387755,18.2418253273313,399
414,5040,146932,188640.322383931,-8.27546079046253,22.1099719597829,338
415,5053,119321,153818.765131095,-6.8271848666327,22.4275400349844,468
416,5044,119377,134776.379824713,-3.05300948150542,11.425874359247,360
417,5016,122558,107555.811765315,2.99086687294353,-13.9482822810349,569
418,4956,119552,106837.618378763,2.56545230452731,-11.9006599119068,499
419,5053,131026,149943.546531195,-3.7438247637434,12.6164459683896,451
420,4962,126426,171543.009786273,-9.09250499521828,26.3006984909993,493
421,4951,124325,148776.027240452,-4.93860376498719,16.4347897265289,356
422,5106,125887,179362.06554055,-10.47298580896,29.8140330729298,494
423,4946,131968,107224.299338673,5.00277004879245,-23.0765794823927,441
424,5060,145702,187634.932685659,-8.28714084696823,22.3481481222415,407
425,5216,132459,165454.935911159,-6.32590795842781,19.9425515651443,355
426,5151,144787,173638.086765323,-5.60106518449285,16.6156442418741,471
427,4964,96146,138209.213911019,-8.47365308441155,30.434449860991,442
428,5107,144288,174867.581586794,-5.98777787092108,17.4872788365384,473
429,5035,122437,99073.7246965887,4.64017384377584,-23.5817068298996,587
430,5032,118929,142419.787141144,-4.6682804334546,16.4940473600506,358
431,5100,111186,148436.493195353,-7.30401827359868,25.095239313104,568
432,5014,130180,162446.500599355,-6.4352813321411,19.8628474484254,394
433,5082,117757,142722.506405027,-4.91253569559766,17.4923402299134,486
434,5079,123399,97103.4051159045,5.17731736249173,-27.0799925632974,777
435,5085,135455,161381.748268208,-5.09867222580291,16.0654773829311,418
436,4994,113697,132910.731654315,-3.8473631666629,14.4561175874701,442
437,5114,123363,122784.524289088,0.113116095211515,-0.471130799472499,562
438,4991,124577,96503.2336056367,5.62487805937954,-29.0910110940817,632
439,5101,139757,180617.349717994,-8.01026263830497,22.6226050718776,442
440,5038,142583,165620.159708469,-4.57267957690927,13.9096350039873,337
441,4941,132763,165261.272763673,-6.57726629501574,19.6647842656676,341
442,5018,137616,158366.283505846,-4.13517008884929,13.1027154558943,386
443,4941,139230,172165.456670484,-6.6657471504723,19.130118960809,471
444,5029,109051,123420.672117131,-2.85736172541885,11.6428405960178,421
445,5081,114178,108895.691429617,1.03961987214784,-4.850796667008,492
446,5036,133190,168301.27980129,-6.97205714878667,20.8621585306689,475
447,5048,125077,110594.248646889,2.86900779578273,-13.0953928710638,651
448,4907,127907,134437.839470722,-1.33092306311842,4.85788785094569,435
449,4982,130578,173614.040959365,-8.63830609381079,24.7883412663829,298
450,5016,128169,71320.8427490255,11.3333646832086,-79.7076353276143,667
451,5091,117120,166155.63595681,-9.63182792316039,29.5118704065842,501
452,4997,136530,169677.608266225,-6.63350175429761,19.5356409162819,364
453,5033,111994,124271.579358428,-2.4394157278815,9.87963573152655,544
454,5054,130095,91068.9738333859,7.72180968868501,-42.8532622295861,611
455,5018,149347,201784.838443284,-10.4499478763021,25.9870061833327,478
456,5018,117915,154346.245909971,-7.26011277600062,23.6035840685242,408
457,5054,125204,165565.797403048,-7.98610949803095,24.3781010547685,433
458,5047,113962,146653.406460922,-6.47739379055311,22.2916107097947,351
459,5015,121232,141269.478952677,-3.99550926274722,14.1838697935521,374
460,5019,127666,164121.785616446,-7.2635556119638,22.2126425687591,499
461,5001,140937,92284.1084759658,9.72863257829119,-52.720768859901,117
462,5033,139009,94084.7406386748,8.9259406638834,-47.7487199904747,155
463,5102,130288,158108.945428829,-5.45294892764191,17.5960603325587,469
464,5115,126751,168649.977720412,-8.19139349372662,24.8437493361973,486
465,5154,138422,160774.778549063,-4.33697682364431,13.9031623932491,407
466,5105,115851,149282.27398117,-6.54873143607632,22.3946709074023,406
467,5081,139097,179971.139505453,-8.04450688948094,22.711496753186,382
468,5047,155672,72216.6172595984,16.5356415178129,-115.56257535631,871
469,5021,123387,150763.740533639,-5.45244782585917,18.1587034367395,462
470,5053,121641,159628.675277944,-7.51784588916373,23.7975258591857,443
471,5023,141079,165818.482275468,-4.92524034948601,14.9196168822541,420
472,4883,137471,179935.991737007,-8.69649636227865,23.6000542899017,397
473,4959,135753,172637.298107206,-7.43784999137034,21.3651965777991,399
474,5018,113901,156345.22191288,-8.458394163587,27.1477576312059,465
475,5091,153073,110236.825998839,8.41409821276,-38.8583158241624,704
476,4984,127150,141951.277136367,-2.96975865496937,10.4270123065876,392
477,4959,130137,157149.249025358,-5.44711615756354,17.1889138464791,356
478,5155,158051,178487.41626333,-3.96438724797871,11.4497798730973,437
479,4956,123525,153020.822389734,-5.95153801245651,19.2756919804093,404
480,5110,132837,160799.229535084,-5.47206057438043,17.389529549321,382
481,5158,139784,161959.948145592,-4.29933077657853,13.6922420632398,423
482,5027,139326,161426.253148715,-4.39631055275805,13.6906189158431,359
483,5097,133215,150945.331284719,-3.47858177059421,11.7461938927247,456
484,5018,132476,149497.202596301,-3.39202921408948,11.3856328417493,280
485,5012,131212,110406.270295116,4.15118310153308,-18.8446993538229,485
486,5029,130224,171397.240968398,-8.18716265030784,24.022114204271,471
487,5134,117770,157348.379066395,-7.70907266583468,25.1533440008903,491
488,5037,121253,145750.003082602,-4.86341137236494,16.8075489293258,447
489,5069,122049,152334.038351612,-5.97455875944203,19.8806771482739,406
490,5092,117201,153096.393649837,-7.04937031615026,23.4462698918547,544
491,5060,107621,139125.547438781,-6.22619514600412,22.6446889293598,417
492,5133,137467,162468.281414897,-4.87069577535491,15.3884076308106,380
493,5189,136340,167478.823856989,-6.00092963133348,18.5926931774843,418
494,4883,138516,165277.826302326,-5.48061157123211,16.192024605511,500
495,5005,125484,159091.566317809,-6.71479846509669,21.1246687022195,357
496,5121,115378,146534.150331612,-6.08399733091429,21.2620404602645,443
497,5051,112363,87849.8232719607,4.85313338508004,-27.9035014699491,232
498,5056,134667,155188.274970622,-4.0587964736199,13.2234699912136,484
499,4964,147625,174349.249078728,-5.38361182085568,15.3279978089612,432
500,5054,134922,121795.697571803,2.59721061104016,-10.777312080715,614
